-- phpMyAdmin SQL Dump
-- version 3.4.10.1
-- http://www.phpmyadmin.net
--
-- Host: localhost
-- Generation Time: Feb 20, 2013 at 08:34 AM
-- Server version: 5.5.20
-- PHP Version: 5.3.10

SET SQL_MODE="NO_AUTO_VALUE_ON_ZERO";
SET time_zone = "+00:00";


/*!40101 SET @OLD_CHARACTER_SET_CLIENT=@@CHARACTER_SET_CLIENT */;
/*!40101 SET @OLD_CHARACTER_SET_RESULTS=@@CHARACTER_SET_RESULTS */;
/*!40101 SET @OLD_COLLATION_CONNECTION=@@COLLATION_CONNECTION */;
/*!40101 SET NAMES utf8 */;

--
-- Database: `blog`
--

-- --------------------------------------------------------

--
-- Table structure for table `account`
--

CREATE TABLE IF NOT EXISTS `account` (
  `id` int(11) NOT NULL AUTO_INCREMENT,
  `username` varchar(128) COLLATE utf8_unicode_ci NOT NULL,
  `password` varchar(128) COLLATE utf8_unicode_ci NOT NULL,
  `salt` varchar(128) COLLATE utf8_unicode_ci NOT NULL,
  `email` varchar(128) COLLATE utf8_unicode_ci NOT NULL,
  `level` enum('A','O','U') COLLATE utf8_unicode_ci NOT NULL,
  PRIMARY KEY (`id`)
) ENGINE=InnoDB  DEFAULT CHARSET=utf8 COLLATE=utf8_unicode_ci AUTO_INCREMENT=2 ;

--
-- Dumping data for table `account`
--

INSERT INTO `account` (`id`, `username`, `password`, `salt`, `email`, `level`) VALUES
(1, 'ozan', 'admin', 'as;dja;lsdjas;lkdj', 'ozan"yahoo.com', 'A');

-- --------------------------------------------------------

--
-- Table structure for table `comment`
--

CREATE TABLE IF NOT EXISTS `comment` (
  `id` int(11) NOT NULL AUTO_INCREMENT,
  `author` varchar(128) COLLATE utf8_unicode_ci NOT NULL,
  `email` varchar(128) COLLATE utf8_unicode_ci NOT NULL,
  `url` varchar(128) COLLATE utf8_unicode_ci DEFAULT NULL,
  `content` text COLLATE utf8_unicode_ci NOT NULL,
  `status` enum('P','D') COLLATE utf8_unicode_ci NOT NULL,
  `create_time` int(11) DEFAULT NULL,
  `parent_replay` int(11) DEFAULT '0',
  `like` int(11) DEFAULT '0',
  `unlike` int(11) DEFAULT '0',
  `post_id` int(11) NOT NULL,
  PRIMARY KEY (`id`),
  KEY `fk_comment_post_idx` (`post_id`)
) ENGINE=InnoDB DEFAULT CHARSET=utf8 COLLATE=utf8_unicode_ci AUTO_INCREMENT=1 ;

-- --------------------------------------------------------

--
-- Table structure for table `ftpaccount`
--

CREATE TABLE IF NOT EXISTS `ftpaccount` (
  `id` int(11) NOT NULL AUTO_INCREMENT,
  `username` varchar(45) NOT NULL,
  `password` varchar(45) NOT NULL,
  `host` varchar(45) NOT NULL,
  `port` int(11) DEFAULT '21',
  `create_time` int(11) DEFAULT NULL,
  `update_time` int(11) DEFAULT NULL,
  `account_id` int(11) NOT NULL,
  PRIMARY KEY (`id`),
  KEY `fk_ftpaccount_account1_idx` (`account_id`)
) ENGINE=InnoDB DEFAULT CHARSET=latin1 AUTO_INCREMENT=1 ;

-- --------------------------------------------------------

--
-- Table structure for table `lookup`
--

CREATE TABLE IF NOT EXISTS `lookup` (
  `id` int(11) NOT NULL AUTO_INCREMENT,
  `name` varchar(128) COLLATE utf8_unicode_ci NOT NULL,
  `code` varchar(1) COLLATE utf8_unicode_ci NOT NULL,
  `type` varchar(128) COLLATE utf8_unicode_ci NOT NULL,
  `position` int(11) NOT NULL,
  PRIMARY KEY (`id`)
) ENGINE=InnoDB  DEFAULT CHARSET=utf8 COLLATE=utf8_unicode_ci AUTO_INCREMENT=16 ;

--
-- Dumping data for table `lookup`
--

INSERT INTO `lookup` (`id`, `name`, `code`, `type`, `position`) VALUES
(1, 'Draft', 'D', 'PostStatus', 1),
(2, 'Published', 'P', 'PostStatus', 2),
(3, 'Pending Approval	', 'D', 'CommentStatus', 1),
(4, 'Approved', 'P', 'CommentStatus', 2),
(5, 'Administrator', 'A', 'LevelStatus', 1),
(6, 'Operator', 'O', 'LevelStatus', 2),
(7, 'User', 'U', 'LevelStatus', 3),
(8, 'Male', 'M', 'GenderStatus', 1),
(9, 'Female', 'F', 'GenderStatus', 2),
(10, 'Category', 'C', 'NavigasiStatus', 1),
(11, 'Menu', 'M', 'NavigasiStatus', 2),
(12, 'Draft', 'D', 'CategoryStatus', 1),
(13, 'Published', 'P', 'CategoryStatus', 2),
(14, 'Draft', 'D', 'MenuStatus', 1),
(15, 'Published', 'P', 'MenuStatus', 2);

-- --------------------------------------------------------

--
-- Table structure for table `media`
--

CREATE TABLE IF NOT EXISTS `media` (
  `id` int(11) NOT NULL,
  `name` varchar(45) DEFAULT NULL,
  `path` varchar(45) DEFAULT NULL,
  `type` enum('I','V','D') DEFAULT NULL,
  PRIMARY KEY (`id`)
) ENGINE=InnoDB DEFAULT CHARSET=latin1;

-- --------------------------------------------------------

--
-- Table structure for table `navigasi`
--

CREATE TABLE IF NOT EXISTS `navigasi` (
  `id` int(11) NOT NULL AUTO_INCREMENT,
  `name` varchar(45) NOT NULL,
  `slug` text NOT NULL,
  `type` enum('M','C') NOT NULL,
  `position` int(11) DEFAULT NULL,
  `navigasi_status` enum('P','D') DEFAULT NULL,
  `parent_navigasi_id` int(11) DEFAULT '0',
  PRIMARY KEY (`id`)
) ENGINE=InnoDB  DEFAULT CHARSET=latin1 AUTO_INCREMENT=102 ;

--
-- Dumping data for table `navigasi`
--

INSERT INTO `navigasi` (`id`, `name`, `slug`, `type`, `position`, `navigasi_status`, `parent_navigasi_id`) VALUES
(1, 'uncategorized', '', 'C', 1, 'P', 0),
(2, 'articels', 'articels', 'M', 1, 'P', 0),
(3, 'linux', 'linux', 'M', 2, 'P', 2),
(7, 'linux', '', 'C', 3, 'D', 0),
(84, 'progreming', 'progreming', 'M', 4, 'P', 2),
(85, 'personal', 'personal', 'M', 3, 'P', 0),
(87, 'Ubuntu', '', 'C', 4, 'P', 7),
(88, 'Centos', '', 'C', 5, 'P', 7),
(89, 'Red Hat', '', 'C', 6, 'P', 7),
(90, 'Arch Linux', '', 'C', 7, 'P', 7),
(91, 'progreming', '', 'C', 2, 'P', 0),
(92, 'php', '', 'C', 8, 'P', 91),
(93, 'java', '', 'C', 9, 'P', 91),
(94, 'C++', '', 'C', 10, 'P', 91),
(95, 'Codeigniter', '', 'C', 11, 'P', 92),
(96, 'Yii', '', 'C', 12, 'P', 92),
(97, 'extensions', '', 'C', 13, 'P', 96),
(98, 'widgets', '', 'C', 14, 'P', 96),
(99, 'Sparks', '', 'C', 15, 'P', 95),
(100, 'Back Track', '', 'C', 16, 'P', 7),
(101, 'project', 'project', 'M', NULL, 'P', 0);

-- --------------------------------------------------------

--
-- Table structure for table `navigasi_has_post`
--

CREATE TABLE IF NOT EXISTS `navigasi_has_post` (
  `navigasi_id` int(11) NOT NULL,
  `post_id` int(11) NOT NULL,
  PRIMARY KEY (`navigasi_id`,`post_id`),
  KEY `fk_navigasi_has_post_post1_idx` (`post_id`),
  KEY `fk_navigasi_has_post_navigasi1_idx` (`navigasi_id`)
) ENGINE=InnoDB DEFAULT CHARSET=latin1;

--
-- Dumping data for table `navigasi_has_post`
--

INSERT INTO `navigasi_has_post` (`navigasi_id`, `post_id`) VALUES
(85, 51),
(91, 53),
(92, 53),
(84, 54),
(91, 54),
(84, 55),
(91, 55),
(2, 56),
(84, 56),
(91, 56),
(2, 57),
(7, 57),
(1, 59),
(3, 59),
(7, 59),
(84, 59);

-- --------------------------------------------------------

--
-- Table structure for table `post`
--

CREATE TABLE IF NOT EXISTS `post` (
  `id` int(11) NOT NULL AUTO_INCREMENT,
  `title` varchar(128) COLLATE utf8_unicode_ci NOT NULL,
  `content` text COLLATE utf8_unicode_ci NOT NULL,
  `tags` text COLLATE utf8_unicode_ci,
  `status` enum('P','D') COLLATE utf8_unicode_ci NOT NULL,
  `count` int(11) DEFAULT '0',
  `icon` text COLLATE utf8_unicode_ci,
  `create_time` int(11) DEFAULT NULL,
  `update_time` int(11) DEFAULT NULL,
  `like` int(11) DEFAULT '0',
  `unlike` int(11) DEFAULT '0',
  `slug` text COLLATE utf8_unicode_ci NOT NULL,
  `account_id` int(11) NOT NULL,
  PRIMARY KEY (`id`),
  KEY `fk_post_account1_idx` (`account_id`)
) ENGINE=InnoDB  DEFAULT CHARSET=utf8 COLLATE=utf8_unicode_ci AUTO_INCREMENT=77 ;

--
-- Dumping data for table `post`
--

INSERT INTO `post` (`id`, `title`, `content`, `tags`, `status`, `count`, `icon`, `create_time`, `update_time`, `like`, `unlike`, `slug`, `account_id`) VALUES
(51, 'Cerita ibu-guru yang seteres ngajar ', '<p></p><p>Cerita ibu-guru yang seteres ngajar&nbsp;</p><p>GURU : selamat pagi anak anak.</p><p>ANAK-ANAK : selamat pagi buk guru.</p><p>GURU : jangan ribut ya pagi ini, ibu akan mengajarkan antonim mengerti.</p><p>ANAK-ANAK : &nbsp;ya. buguru.</p><p>GURU : kalu ibu bilang satu kata kalian harus jawab lawan katanya mengerti.</p><p>ANAK-ANAK : &nbsp;ya bu guru.<!--more--></p></p><p>GURU : kita mulai.</p><p>GURU : pandai.</p><p>ANAK-ANAK : bodoh.</p><p>GURU : tinggi.</p><p>ANAK-ANAK : rendah.</p><p>GURU : jauh.</p><p>ANAK-ANAK : dekat.</p><p>GURU : berjaya.</p><p>ANAK-ANAK : menang.</p><p>GURU : e-salah itu.</p><p>ANAK-ANAK : eh betul ini.</p><p>GURU : bodoh.</p><p>ANAK-ANAK : pandai.</p><p>GURU : bukan.</p><p>ANAK-ANAK : iya.</p><p>GURU : oh-tuhan.</p><p>ANAK-ANAK : ya-hamba.</p><p>GURU : dengerin ini.</p><p>ANAK-ANAK : bicara itu.</p><p>GURU : diam.</p><p>ANAK-ANAK : ribut.</p><p>GURU : itu bukan pertanyaan bodoh.</p><p>ANAK-ANAK : ini adalah jawaban pandai.</p><p>GURU : aduh mati aku.</p><p>ANAK-ANAK : hidup kami.</p><p>GURU : saya kasih rotan baru tau rasa nanti.</p><p>ANAK-ANAK : kita akar lama tak tau rasa.</p><p>GURU : males ibu mengajar kalian.</p><p>ANAK-ANAK : rajin kami belajar ibu guru.</p><p>GURU : kalian gila semua.</p><p>ANAK-ANAK : kami waras sebagian.</p><p>GURU : cukup-cukup.</p><p>ANAK-ANAK : kurang-kurang.</p><p>GURU : sudah-sudah.</p><p>ANAK-ANAK : belum-belum.</p><p>GURU : oh melawan ya.</p><p>ANAK-ANAK : oh melawan tidak.</p><p>GURU : berdiri semua.</p><p>ANAK-ANAK : duduk.</p><p>GURU : begok kalian ini.</p><p>ANAK-ANAK : cerdik kami itu.</p><p>GURU : kamu semua ditahan siang ini.</p><p>ANAK-ANAK : dilepaskan tengah malam itu.</p><p>GURU : anjing kalian.</p><p>ANAK-ANAK : kucing mereka.</p><p>GURU: WADUH...............UH UH UH UH UH UH UH UH UHU&nbsp;</p><br><p></p>\r\n', 'cerita', 'P', 21, '6365putri.jpg', 1356864974, 1361320473, 0, 0, 'cerita-ibu-guru-yang-seteres-ngajar', 1),
(53, 'NetBeans IDE Untuk Yii Code Completion', '<p style="text-align: justify;"><span style="font-family: Arial;">IDE (<em>Integrated Development Environment</em>) merupakan program komputer yang memiliki beberapa fasilitas yang diperlukan dalam pembangunan perangkat lunak. Tujuan dari IDE adalah untuk menyediakan semua utilitas yang diperlukan dalam membangun perangkat lunak. NetBeans menyediakan fitur <em>Code Completion </em>untuk membantu pembangnan aplikasi. Terutama bagi pemula yang ingin dimanjakan dalam tahap pembangunan aplikasi. Adapun cara konfigurasi NetBeans IDE untuk mendukung <em>code completation</em> Yii Framework adalah sebagai berikut:<!--more-->\r\n</span></p>\r\n\r\n\r\n\r\n\r\n<span style="font-family: Arial;"><ul><li style="text-align: justify;"><span style="font-family: Arial;">Sebelum melakukan tahap konfigurasi pastikan netbeans sudah terinstall pada komputer (PC/Notbook) Anda.</span><br></li><li style="text-align: justify;"><span style="font-family: Arial;">Pada NetBeans IDE pilih </span><strong style="font-family: Arial;"><em>File &gt; New Project </em></strong><span style="font-family: Arial;">(</span><em style="font-family: Arial;">Ctrl+Shift+N</em><span style="font-family: Arial;">) kemudian pilih </span><strong style="font-family: Arial;"><em>PHP &gt; PHP Application with Existing Sources </em></strong><span style="font-family: Arial;">seperti yang ditunjukan pada gambar berikut.</span><br></li></ul></span><p><span style="font-family: Arial;"><br></span></p><p style="text-align: center;"><img alt="" src="http://melengo.files.wordpress.com/2012/11/110512_2133_netbeanside11.jpg"><span style="font-family: Arial;">\r\n</span></p><p style="text-align: center;"><span style="color: black; font-family: Arial; font-size: 10pt;"><strong>Gambar: Proses Peilihan Mode Project</strong></span></p><p><ul><li style="text-align: justify;"><span style="font-family: Arial;">Kemudian tekan tombol next seperti yang ditunjukan pada Gambar diatas (no 3 (tiga)) maka akan tampil halaman window selanjutnya.</span><br></li></ul></p><p><span style="font-family: Arial;"><br></span></p><p style="text-align: center;"><img alt="" src="http://melengo.files.wordpress.com/2012/11/110512_2133_netbeanside21.jpg"><span style="font-family: Arial;">\r\n</span></p><p style="text-align: center;"><span style="color: black; font-family: Arial; font-size: 10pt;"><strong>Gambar: Proses Pemilihan Yii Project</strong></span></p><p><ul><li style="text-align: justify;"><span style="font-family: Arial;">Seperti yang ditunjukan pada Gambar diatas Anda kelit tombol browse dan pilih folder yii projek anda dan untuk melajutkan tahap selanjutnya tekan tombol next.</span><br></li></ul></p><p><span style="font-family: Arial;"><br></span></p><p style="text-align: center;"><img alt="" src="http://melengo.files.wordpress.com/2012/11/110512_2133_netbeanside31.jpg"><span style="font-family: Arial;">\r\n</span></p><p style="text-align: center;"><span style="color: black; font-family: Arial; font-size: 10pt;"><strong>Gambar: Proses Pengecekat Host</strong></span></p><p><ul><li style="text-align: justify;"><span style="font-family: Arial;">Pada Gambar diatas anda diminta untuk mengatur host yang akan anda gunakan. Dikarnakan masih dalam pengembangan pada PC/Netbook Anda cukup membiarkan pengaturan default seperti yang ditunjukan pada Gambar (no 1 (satu)) kemudian tekan tombol finish.</span><br></li></ul></p><p><span style="font-family: Arial;"><br></span></p><p style="text-align: center;"><img alt="" src="http://melengo.files.wordpress.com/2012/11/110512_2133_netbeanside41.jpg"><span style="font-family: Arial;">\r\n</span></p><p style="text-align: center;"><span style="color: black; font-family: Arial; font-size: 10pt;"><strong>Gambar: Proses Pemilihan Menu Properties</strong></span></p><p><ul><li style="text-align: justify;"><span style="font-family: Arial;">Kemudian pada yii projek yang sudah ditambahkan, Anda kelik kanan pada projek tersebut seperti Gambar diatas dan pilih properties maka akan tampil window seperti Gambar berikut ini.</span><br></li></ul></p><p><span style="font-family: Arial;"><br></span></p><p style="text-align: center;"><img alt="" src="http://melengo.files.wordpress.com/2012/11/110512_2133_netbeanside51.jpg"><span style="font-family: Arial;">\r\n</span></p><p style="text-align: center;"><span style="color: black; font-family: Arial; font-size: 10pt;"><strong>Gmbar: Proses Penambahan Path (Folder) Yii Framework</strong></span></p><p><ul><li style="text-align: justify;"><span style="font-family: Arial;">Pada Gambar diatas pilih menu </span><strong style="font-family: Arial;">php include path</strong><span style="font-family: Arial;"> dan klik tombol </span><strong style="font-family: Arial;">Add Folder </strong><span style="font-family: Arial;">untuk memilih path (folder) yii framewok dan tekan tombol </span><strong style="font-family: Arial;">OK</strong><span style="font-family: Arial;">. Tahap selanjutnya pengaturan untuk yiilite. Pilih menu </span><strong style="font-family: Arial;"><em>Tools &gt; Options </em></strong><span style="font-family: Arial;">seperti yang ditunjukan pada gambar berikut ini.</span><br></li></ul></p><p><span style="font-family: Arial;"><br></span></p><p style="text-align: center;"><img alt="" src="http://melengo.files.wordpress.com/2012/11/110512_2133_netbeanside61.jpg"><span style="font-family: Arial;">\r\n</span></p><p style="text-align: center;"><span style="color: black; font-family: Arial; font-size: 10pt;"><strong>Gambar: Proses Pemilihan Menu Options</strong></span></p><p><ul><li style="text-align: justify;"><span style="font-family: Arial;">Setelah Anda menekan menu options seperti yang ditunjukan pada Gambar (no 2 (dua)) diatas maka akan tampil window seperti Gambar berikut ini.</span><br></li></ul></p><p><span style="font-family: Arial;"><br></span></p><p style="text-align: center;"><img alt="" src="http://melengo.files.wordpress.com/2012/11/110512_2133_netbeanside71.jpg"><span style="font-family: Arial;">\r\n</span></p><p style="text-align: center;"><span style="color: black; font-family: Arial; font-size: 10pt;"><strong>Gambar: Proses Penambahan Pattrents Yiilite</strong></span></p><ul><li><p style="text-align: justify;"><span style="font-family: Arial;">Seperti yang ditunjukan pada Gambar diatas anda pilih <strong> <em>Miscellaneous &gt; Files </em></strong>kemudian isi pada kolom <strong><em>Ignore Files Pattrent</em>\r\n</strong>dan isikan <strong>yiilite\\.php| </strong>setelah tanda <strong>^( </strong>dan tekan tombol <strong>OK.</strong>\r\n</span></p></li>\r\n	<li>\r\n<p style="text-align: justify;"><span style="font-family: Arial;">Kemudian restart NetBeans IDE Anda.\r\n</span></p></li></ul>\r\n', 'Yii, php, Netbeans', 'P', 307, '6770netbeans_logo.jpg', 1356867327, 1361320615, 0, 0, 'netbeans-ide-untuk-yii-code-completion', 1),
(54, 'Objek Relational Mapping (ORM)', '<p style="text-align: justify;"><span style="font-family: Arial;">Objek Relational Mapping (ORM) Adalah salah satu tehnik untuk memetakan basisdata relasional ke model objek (wijayanto, 2011). Sedangkan menurut (Rose, 2008), ORM merupakan sebuah mekanisme yang memungkinkan mengatasi, mengakses dan memanipulasi objek tampa harus mempertimbangkan bagaimana objek berhubungan dengan Sumber data yang lain.<!--more-->\r\n</span></p>\r\n<p style="text-align: justify;"><span style="font-family: Arial;">Dari pengertian di atas dapat disumpulkan ORM merupakan cara perogremer dalam melakukan manipulasi data pada database dengan cara memetakan ke bentuk objek. Cara ini sudah banyak diterapkan pada bahasa pemrograman berbasis objek diantaranya Java, C++, NET, PHP dan lain-lain. Pada dasarnya setiap database yang tersimpan adalah byte array begitu juka dalam bahasa pemrograman berorientasi objek, perbedaanya dalam OOP array dibentuk menjadi sebuah objek sehingga dalam implementasinya mengunakan objek dalm menangani masalah dalam pembangunan aplikasi.\r\n</span></p>\r\n<p style="text-align: justify;"><span style="font-family: Arial;">Dalam bahasa pemrograman yang menggunakan ORM data-data yang tersimpan dalam database aplikasi seperti MySQL, PostgreSQL, Oracle dan aplikasi database yang lain dipetakan menjadi objek sebagai penghubung (jembatan) antara objek yang dibangun dalam program dengan database. Dengan mengunakan ORM progremer tidak perlu melakukan query SQL untuk memanipulasi data di database. Adapun ketererkaitan antara ORM dan database datapat di lihat pada gambar berikut ini.\r\n</span></p><p style="text-align: justify;"><span style="font-family: Arial;"><br></span></p>\r\n<p style="text-align: center;"><img alt="" src="http://melengo.files.wordpress.com/2012/10/102712_1635_objekrelati1.jpg" style=""><span style="font-family: Arial;">\r\n</span></p>\r\n<p style="text-align: center; margin-left: 18pt;"><span style="color: black; font-family: Arial; font-size: 10pt;"><strong>Ketererkaitan antara ORM dan database <em>(Sumber: (Knight, 2009))\r\n</em></strong></span></p>', 'ORM', 'P', 36, '6838ORM.jpg', 1356867561, 1361321432, 0, 0, 'objek-relational-mapping-orm', 1),
(55, 'Apa itu MySQL ?', '<p style="text-align: justify;"><span style="font-family: Arial;">MySQL (dibaca: mai-se-kyu-el) merupakan sopware yang tergolong sebagai DBMS (Database Management System) yang bersifat open sourch. Open source menyatakan bahwa aplikasi ini dilengkapi dengan sourch code (kode yang di pakai untuk membuat MySQL), selain itu tentu saja bentuk <em>excutable</em>-nya atau kode yang dapat dijalankan secara langsung dalam system oprasi dan bisa diperoleh dengan cara mengunduh di internet secara geratis (Kadir, 2008).<!--more-->\r\n</span></p>\r\n<p style="text-align: center;"><img alt="" src="http://melengo.files.wordpress.com/2012/10/102712_1800_whatismysql1.jpg" style=""><span style="font-family: Arial;">\r\n</span></p>\r\n<p style="text-align: justify;"><span style="font-family: Arial;">MySQL awalnya dibuat oleh perusahaan konsultan bernama TcX yang berlokasi di Swedia. Saat ini pengembangan MySQL berada di bawah naungan perusahaan MySQL AB. Adapun aplikasi MySQL dapa diunduh di situs resmi MySQL (<a href="http://www.mysql.com">www.mysql.com</a>). Sebagai sopware DBMS, MySQL memiliki beberapa fitur diantaranya (Kadir, 2008):\r\n</span></p>\r\n\r\n\r\n\r\n\r\n<ol>\r\n	<li>\r\n<p><span style="font-family: Arial;">Multiplatform\r\n</span></p>\r\n<p style="text-align: justify;"><span style="font-family: Arial;">MySQL tersedia pada beberapa platform diantaranya Windows, Linux MacOS, Unix dan lain-lain.\r\n</span></p>\r\n</li>\r\n	<li>\r\n<p><span style="font-family: Arial;">Handal, Cepat dan mudah digunakan\r\n</span></p>\r\n<p style="text-align: justify;"><span style="font-family: Arial;">MySQL tergolonga dalam database server yang handal, dapat menangani database yang besar dengan kecepatan yang tinggi, mendukung banyak sekali fungsi untuk mengakses database dan sekaligus mudah untuk digunakan. Berbagai tools pendukung juga tersedia seperti mysql workbench, phpMyadmin, case studio dan banyak yang lainnya. Perlu diketahui, MySQL dapat menangani ukuran yang berukuran terabyte. Namun, ukuran yang sesungguhnya sangat bergantung pada sistem oprasi. Sebagi contoh, pada system oprasi Ubuntu 10.04, batasan ukuran file sebesar 16 terabyte.\r\n</span></p>\r\n</li>\r\n	<li>\r\n<p><span style="font-family: Arial;">Jaminan keamanan akses\r\n</span></p>\r\n<p style="text-align: justify;"><span style="font-family: Arial;">MySQL mendukung pengamanan database dengan berbagai keriteria pengaksesan. Sebagai gambaran, dimujngkinkan untuk mengatur user tertentu agar bisa mengakses data yang bersifat rahasia. Sebagi contoh, data gaji pegawai dan autentikasi database yang boleh digunakan oleh user yang lain.\r\n</span></p>\r\n</li>\r\n	<li>\r\n<p><span style="font-family: Arial;">Dukungan SQL\r\n</span></p>\r\n<p style="text-align: justify;"><span style="font-family: Arial;">MySQL mendukung perintah SQL (<em>Structured Query Language</em>). Sebagai mana diketahui, SQL merupakan setandar dalam pengaksesan database relasional. Pengetahuan akan SQL akan memudahkan siapa pun untuk menggunakan MySQL.\r\n</span></p>\r\n</li>\r\n</ol>\r\n<p style="text-align: justify;"><span style="font-family: Arial;">MySQL juga mendukung konektivitas ke berbagai bahasa pemrograman. Sebagai contoh, dengan menggunakan ODBC (<em>Open Database Connectivity</em>), database yang ditangani MySQL dapat diakses melalu melalui program yang dibuat dengan Visual Basic. MySQL juga mendukung klient berbasis Java untuk berkomunikasi dengan database MySQL melalui JDBC (<em>Java Database Connectivity</em>). MySQL juga bisa diakses melalui aplikasi berbasis web misalnya, dengan menggunakan bahasa pemrograman PHP, antara MySQL dan PHP bisa melakukan komunikasi dengan mengunakan fungsi (<em>mysql_connect()</em>) untuk melakukan konektivitas yang sudah disediakan pada bahasa pemrograman PHP.\r\n</span></p>\r\n', '', 'P', 20, '6875102712_1800_whatismysql1.jpg', 1356867927, 1361325430, 0, 0, 'apa-itu-mysql', 1),
(56, 'Aplikasi web Adalah?', '<p style="text-align: justify;"><span style="font-family: Arial;">Aplikasi web merupakan sebuah aplikasi yang mengunakan teknologi browser untuk menjalankan aplikasi dan diakses melalui jaringan komputer (Remick, 2011). Sedangkan meurut (Rouse, 2011) aplikasi web adalah sebuah program yang disimpan di Server dan dikirim melalui internet dan diakses melalui antarmuka browser.<!--more-->\r\n</span></p>\r\n<p style="text-align: justify;"><span style="font-family: Arial;">Dari pengertian diatas dapat disimpulkan aplikasi web merupakan aplikasi yang diakses mengunakan web berowser melalui jaringan internet atau intranet. Aplikasi web juga merupakan suatu perangkat lunak komputer yang dikodekan dalam bahasa pemrograman yang mendukung perangkat lunkan berbasis web seperti HTML, JavaScript, CSS, Ruby, Python, Php, Java dan bahasa pemrograman lainnya. Adapun Gambaran rincian aplikasi web, terbagi menjadi 3 (tiga) lapisan model.\r\n</span></p><p style="text-align: justify;"><span style="font-family: Arial;"><br></span></p>\r\n<p style="text-align: center;"><img alt="" src="http://melengo.files.wordpress.com/2012/10/102712_1445_aplikasiweb1.gif" style=""></p>\r\n<p style="text-align: center; margin-left: 18pt;"><span style="color: black; font-family: Arial; font-size: 10pt;"><strong>Gambar: Web Application Model\r\n</strong></span></p>\r\n<p style="text-align: justify;"><span style="font-family: Arial;">Pada lapisan pertama berowser web (Client Side Browser) atau antarmuka penguna, lapisan kedua web application Server seperti <em>Pre Hypertext Processor</em> (PHP), <span style="color: black; background-color: white;"><em>Java Server Page</em></span> (JSP), <em>Active Server Pages</em> (ASP) atau bahasa pemerograman yang berjalan pada Server dan yang ketiga database Server yang berisi content berita, data pelanggan, nama penguna dan password.</span></p>\r\n<p style="text-align: justify;">Sekian semoga bermanfaat?</p>\r\n', 'web', 'P', 24, '8496EarthLink-web-hosting.jpeg', 1356868103, 1361323171, 0, 0, 'aplikasi-web-adalah', 1),
(57, 'Quality OF Service (QoS)', '<p style="text-align: justify;"><span style="font-family: Arial;">Menurut Flannagan (2001) Quality OF Service (Qos) merupakan istilah yang digunakan untuk mendefinisikan kemampuan suatu jaringan untuk menyediakan berbagai tingkat jaminan dan layanan untuk berbagai bentuk lalu lintas jaringan. Dengan adanya QoS memungkinkan administrator jaringan untuk memberikan prioritas lalu lintas atau traffic tertentu terhadap data atau tingkat kualitas terhadap bandwidth jaringan.<!--more-->\r\n</span></p>\r\n<p style="text-align: justify;"><span style="font-family: Arial;">Setiap teknologi mempunyai karakteristik yang berbeda-beda yang harus dipertimbangkan ketika ingin mengimplementasikan QoS. QoS dapat di implementasikan pada situasi congestion management atau congestion avoidance. Teknik-teknik congestion management digunakan untuk mengatur dan memberikan prioritas traffic pada jaringan dimana aplikasi meminta lebih banyak lagi bandwidth dari pada yang mampu disediakan oleh jaringan. Dengan menerapkan prioritas pada berbagai kelas dari traffic, teknik congestion management akan mengoptimalkan aplikasi bisnis yang kritis atau delay sensitive untuk dapat beroperasi sebagai mana mestinya pada lingkungan jaringan yang memiliki kongesti atau kemacetan. Melalui implementasi QoS di jaringan ini, network administrator akan memiliki fleksibilitas yang tinggi untuk mengontrol aliran dan kejadian-kejadian yang ada di traffic pada jaringan (Flannagan, 2001).\r\n</span></p>\r\n<p style="text-align: justify;"><span style="font-family: Arial;">QoS merupakan peralatan-peralatan yang tersedia untuk menerapkan berbagai jaminan, dimana tingkat minimum layanan dapat disediakan. Banyak protokol dan aplikasi yang tidak begitu sensitif terhadap network congestion. File Transfer Protocol (FTP) contohnya, mempunyai toleransi yang besar untuk network delay dan terbatasnya bandwidth. Di sisi user, kejadian tersebut akan menyebabkan proses transfer file seperti download atau upload yang lambat, walaupun mengganggu user, namum kelambatan ini tidak akan menggagalkan operasi dari aplikasi tersebut. Lain halnya dengan aplikasi-aplikasi baru seperti Voice dan Video, yang pada umumnya sensitive terhadap delay. Jika paket dari voice mengalami proses yang lama untuk sampai ke tujuan, maka akan dapat merusak voice yang didengarkan. Dalam hal ini QoS dapat digunakan untuk menyediakan jaminan layanan untuk aplikasi-aplikasi tersebut (Flannagan, 2001).Ada beberapa alasan mengapa QoS diperlukan yaitu (Flannagan, 2001) :\r\n</span></p>\r\n\r\n\r\n\r\n\r\n<ul><li><div style="text-align: justify;"><span style="font-family: Arial;">Untuk memberikan prioritas untuk aplikasi-aplikasi yang kritis pada jaringan.\r\n</span></div></li>\r\n	<li>\r\n<div style="text-align: justify;"><span style="font-family: Arial;">Untuk memaksimalkan penggunaan investasi jaringan yang ada.\r\n</span></div></li>\r\n	<li>\r\n<div style="text-align: justify;"><span style="font-family: Arial;">Untuk meningkatkan performansi untuk aplikasi-aplikasi yang sensitif terhadap <em>delay</em>, seperti <em>voice </em>dan <em>video</em>.\r\n</span></div></li>\r\n	<li>\r\n<div style="text-align: justify;"><span style="font-family: Arial;">Untuk merespon terhadap adanya perubahan-perubahan pada aliran <em>traffic</em> di jaringan.\r\n</span></div></li></ul>\r\n<p style="text-align: justify;"><span style="font-family: Arial;">Jaringan komunikasi data terlebih lagi Internet tentu tidak hanya menjalankan satu dua service saja didalamnya. Mulai dari sekedar menyediakan game-game online sampai transaksi Internet banking, video dan multimedia conference mau tidak mau harus dilewatkan pada jalur Internet jika ingin mobilitas dan fleksibilitasnya terjaga.\r\n</span></p>\r\n<p style="text-align: justify;"><span style="font-family: Arial;">Layanan-layanan yang kritis tentu sangat penting untuk dijaga kualitasnya. Proses video conference tentu tidak akan mungkin disamakan kualitas dan jatah koneksinya dengan game online, begitu pula dengan layanan-layanan yang lainnya. Maka dari itu klasifikasi terhadap kualitas layanan ini cukup penting untuk diperhatikan jika ingin kenyamanan ber Internet terjamin.\r\n</span></p>\r\n<p style="text-align: justify;"><span style="font-family: Arial;">Teknologi QoS merupakan solusi dari semua kebutuhan diatas.Dengan QoS penggolongan ini menjadi sangat mungkin untuk dilakukan. Banyak yang akan didapatkan dari dibangunnya jaringan yang berkemampuan QoS. Namun membuat jaringan yang berkemampuan QoS tidaklah semudah yang di bayangkan. Berbagai aspek dan parameter sangat penting untuk diperhatikan. Mulai dari ketersediaan bandwidth untuk dialokasikan, uptime jaringan yang harus terjaga, perangkat jaringan yang berkekuatan prosessing yang pas, perangkat yang terbebas dari celah keamanan, dan banyak lagi aspek yang harus ada dalam mewujudkan jaringan dengan kemampuan QoS. Adapun parameter-parameter QoS antara lain (Putri, 2009):\r\n</span></p>\r\n\r\n\r\n\r\n\r\n<span style="font-family: Arial; text-align: justify;"><ul><li><span style="font-family: Arial;">Data Rate</span><span style="font-family: Arial;"> merupakan ukuran kecepatan transmisi data, satuannya </span><span style="font-family: Arial;">kbps</span><span style="font-family: Arial;"> atau </span><span style="font-family: Arial;">Mbps</span><br></li><li><span style="font-family: Arial;">Latency</span><span style="font-family: Arial;"> (maksimum paket delay) merupakan waktu maksismum yang dibutuhkan dari transmisi ke penerima yang diukur dengan satuan milidetik.</span><br></li><li><span style="font-family: Arial;">Paket Loss</span><span style="font-family: Arial;"> atau </span><span style="font-family: Arial;">Error</span><span style="font-family: Arial;"> adalah rate dari transmisi paket data yang diukur dalam persen Jitter adalah ukuran delay penerimaan paket yang melambangkan smoothness dari audio/video playback.</span><br></li></ul></span><ol>\r\n</ol>', '', 'P', 49, '', 1356868311, 1361323485, 0, 0, 'quality-of-service-qos', 1),
(58, 'Topologi Jaringan Komputer', '<p style="text-align: justify;"><span style="font-family: Arial;">Topologi atau arsitektur jaringan merupakan pola hubungan antara terminal dalam suatu system jaringan komputer. Topologi ini akan mempengaruhitingkat efektifitaskinerja jaringan (Herlambang &amp; Catur, 2008). Ada beberapa topologi yang dapat diimplementasikan dalam jaringan computer diantaranya (Herlambang &amp; Catur, 2008):<!--more-->\r\n</span></p>\r\n\r\n\r\n\r\n\r\n<ol>\r\n	<li>\r\n<div style="text-align: justify;"><span style="font-family: Arial;">Topologi Bus\r\n</span></div>\r\n<p style="text-align: justify;"><span style="font-family: Arial;">Topologi bus merupakan topologi yang menghubungkan semua terminal ke satu jalur komunikasi yang kedua ujungnya ditutup dengan terminator. Terminator adalah perangkat yang menyediakan resistensi listrik untuk menyerap sinyal pada akhir transmisi sambungan agar sinyal tidak terlontar kembali dan diterima lagi oleh stasiun jaringan (Herlambang &amp; Catur, 2008).\r\n</span></p><p style="text-align: justify;"><span style="font-family: Arial;"><br></span></p>\r\n<p style="text-align: center;"><img alt="" src="http://melengo.files.wordpress.com/2012/10/102512_1856_topologijar11.png" style=""><span style="font-family: Arial;">\r\n</span></p>\r\n<p style="text-align: center;"><span style="font-family: Arial;">Gambar: Topologi Bus<em>\r\n</em></span></p>\r\n</li>\r\n	<li>\r\n<div style="text-align: justify;"><span style="font-family: Arial;">Topologi Ring\r\n</span></div>\r\n<p style="text-align: justify;"><span style="font-family: Arial;">Pola dari topologi ring hamper sama dengan topologi bus, tetapi, kedua terminal yang berada di ujung saling dihubungkan sehingga hubungan antara terminal berlangsung dalam suatu lingkaran tertutup.\r\n</span></p><p style="text-align: justify;"><span style="font-family: Arial;"><br></span></p>\r\n<p style="text-align: center;"><img alt="" src="http://melengo.files.wordpress.com/2012/10/102512_1856_topologijar21.png" style=""><span style="font-family: Arial;">\r\n</span></p>\r\n<p style="text-align: center;"><span style="font-family: Arial;">Gambar: Topologi Ring\r\n</span></p>\r\n</li>\r\n	<li>\r\n<div><span style="font-family: Arial;">Topologi Star\r\n</span></div>\r\n<p style="text-align: justify;"><span style="font-family: Arial;">Pada topologi star, terdapat sebuah terminal pusat (hub/switch) yang mengatur dan mengendalikan semua kegiatan komunikasi data. Trafik data mengalir dari node ke terminal pusat dan diteruskan ke node (station) tujuan.\r\n</span></p><p style="text-align: justify;"><span style="font-family: Arial;"><br></span></p>\r\n<p style="text-align: center;"><img alt="" src="http://melengo.files.wordpress.com/2012/10/102512_1856_topologijar31.png" style=""><span style="font-family: Arial;">\r\n</span></p>\r\n<p style="text-align: center;"><span style="font-family: Arial;">Gambar: Topologi star</span></p>\r\n</li>\r\n</ol>', 'Jaringan', 'P', 12, NULL, 1356868507, 1360556466, 0, 0, '', 1),
(59, 'File Transfer Protokol (FTP)', '<p style="text-align: justify;"><span style="font-family: Arial;">File Transfer Protokol (FTP) merupakan mekanisme standar untuk meng-<em>copy</em> file dari satu mesin ke mesin lainnya. Mesin-mesin yang digunakan tersebut dimungkinkan sangat berbeda, bahkan bisa memiliki system oprasi (Operating Systems/OS) yang berbeda (Sutanta, 2005). Terdapat 2 (dua) jenis koneksi yang terus dipelihara oleh FTP sessions hingga proses transfer file selesai, yaitu (Sutanta, 2005):<!--more-->\r\n</span></p>\r\n\r\n\r\n\r\n\r\n<ol>\r\n	<li>\r\n<p><span style="font-family: Arial;">Koneksi control (Control Conection)\r\n</span></p>\r\n<p style="text-align: justify;"><span style="font-family: Arial;">Koneksi control dilakukan dalam keadaan port server terbuka secara pasif, yang dikenal sebagi port 21. Client akan memilih port yang bebas pada port yang terbuka secara aktif. Koneksi ini akan terus aktif selama durasi FTP session. Perintah (<em>comment</em>) dalam bentuk permintaan atau jawaban (<em>request/response</em>) akan ditransmisikan melawati koneksi tersebut. Gambaran dalam alur koneksi control dapat dilihat pada gambar berikut ini.\r\n</span></p>\r\n<p style="text-align: center;"><img alt="" src="http://melengo.files.wordpress.com/2012/10/102612_2256_filetransfe13.gif" style=""><span style="font-family: Arial;">\r\n</span></p>\r\n<p style="text-align: center;"><span style="color: black; font-family: Arial; font-size: 10pt;"><strong>FTP Control Conection\r\n</strong></span></p>\r\n</li>\r\n	<li>\r\n<p><span style="font-family: Arial;">Koneksi Data (Data Conection)\r\n</span></p>\r\n<p style="text-align: justify;"><span style="font-family: Arial;">Koneksi data dilakukan melalui port yang dikenal sebagai port 20 pada server. Perintah (c<em>omment</em>) dikirim melalui client yang berkaitan dengan teransfer file. Dalam hal ini client harus meminta koneksi data. Client mengirimkannya kepada server mengunakan perintah (comment) kemudian server merespon dengan koneksi aktif Gambaran dalam alur koneksi data dapat dilihat pada gambar berikut ini.\r\n</span></p>\r\n<p style="text-align: center;"><img alt="" src="http://melengo.files.wordpress.com/2012/10/102612_2256_filetransfe23.gif" style=""><span style="font-family: Arial;">\r\n</span></p>\r\n</li>\r\n</ol>\r\n<p style="text-align: center;"><strong>FTP Data Conection<em>\r\n</em></strong></p>\r\n<p style="text-align: justify;"><span style="font-family: Arial;">Pada Gambar FTP data conection yang ditunjukan diatas terdapat 2 (dua) cara (mode) yang digunakan pada koneksi data antara lain active mode dan passive mode (Pouseele, 2003).\r\n</span></p>\r\n\r\n\r\n\r\n\r\n<ol>\r\n	<li>\r\n<p><span style="font-family: Arial;">Active Mode\r\n</span></p>\r\n<p style="text-align: justify;"><span style="font-family: Arial;">Active mode FTP client melakukan koneksi ke port 21 pada FTP server menggunakan port &gt;1024. Kemudian, client mengirimkan informasi port yang akan digunakannya untuk transfer data. Server selanjutnya menginisiasi transfer ke port tersebut dengan menggunakan port 20.\r\n</span></p>\r\n<p style="text-align: center;"><img alt="" src="http://melengo.files.wordpress.com/2012/10/102612_2256_filetransfe33.jpg" style=""><span style="font-family: Arial;">\r\n</span></p>\r\n<p style="text-align: center;"><span style="color: black; font-family: Arial; font-size: 10pt;"><strong>FTP Data Conection\r\n</strong></span></p>\r\n</li>\r\n	<li>\r\n<p><span style="font-family: Arial;">Passive Mode\r\n</span></p>\r\n<p style="text-align: justify;"><span style="font-family: Arial;">Passive mode FTP client melakukan koneksi ke port 21 pada server dengan menggunakan port &gt;1024. Server menjawab dengan mengirimkan informasi suatu port &gt;1024 ke client yang akan digunakan untuk melakukan transfer data. Client kemudian menginisiasi transfer dengan melakukan koneksi ke port tersebut\r\n</span></p>\r\n<p style="text-align: center;"><img alt="" src="http://melengo.files.wordpress.com/2012/10/102612_2256_filetransfe43.jpg" style=""><span style="font-family: Arial;">\r\n</span></p>\r\n<p style="text-align: center;"><span style="color: black; font-family: Arial; font-size: 10pt;"><strong>FTP Data Conection</strong></span></p>\r\n<p style="text-align: justify;">Sekian semoga membantu</p>\r\n</li>\r\n</ol>\r\n', 'FTP', 'P', 49, NULL, 1356868622, 1361318691, 0, 0, 'file-transfer-protokol-ftp', 1),
(60, 'Jaringan Komputer', '<p style="text-align: justify;"><span style="font-family: Arial;">Jaringan Komputer adalah kumpulan komputer otonom yang saling berhubungan dengan satu teknologi. Dua komputer dapat dikatakan berhubungan jika mereka dapat saling bertukar informasi (Tanenbaum, 2003). Sementara menurut Wagito (2007), Jaringan Komputer adalah "kumpulan komputer dan alat-alat lain yang saling dihubungkan bersama menggunakan media komunikasi tertentu"(p.9).<!--more-->\r\n</span></p>\r\n<p style="text-align: justify;"><span style="font-family: Arial;">Berdasarkan pengertian diatas dapat disimpulkan bahwa Jaringan Komputer adalah kumpulan komputer otonom dan alat-alat lain (<em>hardware/software</em>) yang saling berhubungan dengan menggunakan media komunikasi tertentu. Adapun peralatan untuk membangun jaringan komputer, diantaranya (Herlambang &amp; Catur, 2008):\r\n</span></p>\r\n\r\n\r\n\r\n\r\n<ol>\r\n	<li>\r\n<div style="text-align: justify;"><span style="font-family: Arial;">Coaxial Cabel\r\n</span></div>\r\n<p style="text-align: justify;"><span style="font-family: Arial;">Jenis kabel dengan inti dari tembaga dan dikelilingi oleh anyaman halus kabel tembaga lain, diantaranya terdapat isolator. Dikenaln dua jenis tipe coaxial cable untuk jaringan computer yaitu thick coax cable ( berdiameter lumayan besar) dan thin coax cable (berdiameter lebih kecil). Untuk perangkat jaringan, kabel jenis coaxial yang dipakai adalah kabel RG-58. Jenis ini juga dikenal sebagai thin Ethernet. Setiap perangkat dihubungkan mengunakan konektor BNC-T.\r\n</span></p>\r\n<p style="text-align: center;"><img alt="" src="http://melengo.files.wordpress.com/2012/10/102512_1750_jaringankom1.jpg" style=""><span style="font-family: Arial;">\r\n</span></p>\r\n<p style="text-align: center;"><span style="font-family: Arial;">Gambar: Kabel Coaxial RG-58, Konektor BNC-T, Terminator<em>\r\n</em></span></p>\r\n</li>\r\n	<li>\r\n<div style="text-align: justify;"><span style="font-family: Arial;">Twisted Pair Cablel\r\n</span></div>\r\n<p style="text-align: justify;"><span style="font-family: Arial;">Ethernet juga dapat menggunakan jenis kabel lain, yaitu UTP (<em>Unshielded Twisted Pair</em>) dan STP (<em>Shielded Twister Pair</em>). Kabel UTP atau STP yang umum dipakai adalah kabel yang terdiri dari 4 (empat) pasang kabel terpilih. Terdapat tipe penyambungan kabel jenis UTP, yaitu straight throught cable, crossover cable ditambah satu jenis pemasangan khususnya untuk sisco router, yaitu roll over cable. Perbedaanya, straight cable digunakan utuk menghubngkan beberapa unit computer melalui perantara konsentrator (hub/switch) maupun reapeater, sedangkan crossover cable digunakan untuk media komunikasi antara computer (tampa hub/switch) atau dalam kasus tertentu menghubungkan antara hub ke hub.\r\n</span></p>\r\n<p style="text-align: center;"><img alt="" src="http://melengo.files.wordpress.com/2012/10/102512_1750_jaringankom2.jpg" style=""><span style="font-family: Arial;">\r\n</span></p>\r\n<p style="text-align: center;"><span style="font-family: Arial;">Gambar: Kabel UTP, STP dan Konektor RJ-45\r\n</span></p>\r\n</li>\r\n	<li>\r\n<div style="text-align: justify;"><span style="font-family: Arial;">Fiber Optik Cabel\r\n</span></div>\r\n<p style="text-align: justify;"><span style="font-family: Arial;">Fiber Optik Cable merupakan kabel yang memiliki inti serat kaca sebagai saluran untuk menyalurkan sinyal antara terminal. Sering digunakan sebagai saluran backbone karna kehandalanya yang tinggi dibandingkan dengan kabel coaxial cable atau kabel UTP.\r\n</span></p>\r\n<p style="text-align: center;"><img alt="" src="http://melengo.files.wordpress.com/2012/10/102512_1750_jaringankom3.jpg" style=""><span style="font-family: Arial;">\r\n</span></p>\r\n<p style="text-align: center;"><span style="font-family: Arial;">Gambar: Kabel Fiber Optik\r\n</span></p>\r\n</li>\r\n	<li>\r\n<div style="text-align: justify;"><span style="font-family: Arial;">Ethernet Card\r\n</span></div>\r\n<p style="text-align: justify;"><span style="font-family: Arial;">Ethernet card atu lancard berfungsi sebagai media penghubung antara komputer dengan jaringan. Ada beberapa jenis port koneksi yang dapat digunakan. Jika didisain untuk kabel jenis coaxial maka konektor yang dipakai adalah konektor BNC (Barrel Nut Connector atau Byonet Ney Connector). Sementara jika didisain untuk kabel Twisted Pair maka konektor yang dipakai adalah konektor RJ-45.\r\n</span></p>\r\n<p style="text-align: center;"><img alt="" src="http://melengo.files.wordpress.com/2012/10/102512_1750_jaringankom4.jpg" style=""><span style="font-family: Arial;">\r\n</span></p>\r\n<p style="text-align: center;"><span style="font-family: Arial;">Gambar: Ethernet Card<em>\r\n</em></span></p>\r\n</li>\r\n	<li>\r\n<div style="text-align: justify;"><span style="font-family: Arial;">Hub Dan Switch (Konsentrator)\r\n</span></div>\r\n<p style="text-align: justify;"><span style="font-family: Arial;">Konsentrator adalah perangkat untuk menyatukan kabel-kabel jaringan dari tiap workstain, server, atau perangkat lainnya. Konsentrator biasa digunakan dalam topologi start. Hub dan swich umumnya mempunyai port RJ-45 sebagi tempat menghubungkan computer. Perbedaanya, switch merupakan konsentron yang memiliki manajement trafik data lebih baik disbanding hub.\r\n</span></p>\r\n<p style="text-align: center;"><img alt="" src="http://melengo.files.wordpress.com/2012/10/102512_1750_jaringankom5.jpg" style=""><span style="font-family: Arial;">\r\n</span></p>\r\n<p style="text-align: center;"><span style="font-family: Arial;">Gambar: Hub dan switch<em>\r\n</em></span></p>\r\n</li>\r\n	<li>\r\n<div style="text-align: justify;"><span style="font-family: Arial;">Repeater\r\n</span></div>\r\n<p style="text-align: justify;"><span style="font-family: Arial;">Repeater berfungsi sebagi penguat sinyal dengan cara menerima sinyal dari satu segmen kabel lalu memancarkan kembali sinyal tesebut dengan kekuatan yang sama dengan sinyal asli pada segmen kabel lain. Dengan demikian jarak antara kabel dapat diperpanjang.\r\n</span></p>\r\n<p style="text-align: center;"><img alt="" src="http://melengo.files.wordpress.com/2012/10/102512_1750_jaringankom6.jpg" style=""><span style="font-family: Arial;">\r\n</span></p>\r\n<p style="text-align: center;"><span style="font-family: Arial;">Gambar: Repeater\r\n</span></p>\r\n</li>\r\n	<li>\r\n<div style="text-align: justify;"><span style="font-family: Arial;">Bridge\r\n</span></div>\r\n<p style="text-align: justify;"><span style="font-family: Arial;">Fungsi dari perangkat ini hamper sama dengan fungsi repeater, tetapi bridge mampu menghubungkan antara jaringan yang menggunakan transmisi bebeda. Misalnya, jaringan Ethernet baseband dengan Ethernet broadbend. Bridge dapat pula menghubungkan jaringan yang menggunakan tipe kabel yang berbeda ataupun topologi yang berbeda dan bridge dapat mengetahui alamat computer pada tiap-tiap jaringan.\r\n</span></p>\r\n<p style="text-align: center;"><img alt="" src="http://melengo.files.wordpress.com/2012/10/102512_1750_jaringankom7.jpg" style=""><span style="font-family: Arial;">\r\n</span></p>\r\n<p style="text-align: center;"><span style="font-family: Arial;">Gambar: Bridge\r\n</span></p>\r\n</li>\r\n	<li>\r\n<div style="text-align: justify;"><span style="font-family: Arial;">Router\r\n</span></div>\r\n<p style="text-align: justify;"><span style="font-family: Arial;">Router merupakan perangkat yang dikhususkan untuk mengenai koneksi antara dua atau lebih jaringan yang terhubung melalui paket switching. Router bekerja dengan melihat alamat asal dan alamat tujuan dari paket yang melewatinya dan memutuskan rute yang akan dilewati peket tersebut untuk sampai ke tujuan. Router mengetahuialamat masing-masing alamat jaringan computer di lingkungan jaringan lokalnya, mengetahui alamat bridge dan router lainnya.\r\n</span></p>\r\n<p style="text-align: center;"><img alt="" src="http://melengo.files.wordpress.com/2012/10/102512_1750_jaringankom8.jpg" style=""><span style="font-family: Arial;">\r\n</span></p>\r\n<p style="text-align: center;"><span style="color: black; font-family: Arial; font-size: 10pt;">Gambar: Router</span></p>\r\n</li>\r\n</ol>', '', 'P', 328, NULL, 1356868729, 1360938754, 0, 0, '', 1);
INSERT INTO `post` (`id`, `title`, `content`, `tags`, `status`, `count`, `icon`, `create_time`, `update_time`, `like`, `unlike`, `slug`, `account_id`) VALUES
(61, 'Pengertian Gelombang Radio', '<p style="text-align: justify;"><span style="font-family: Arial;">Radio adalah teknologi yang digunakan untuk pengiriman sinyal dengan cara modulasi dan radiasi elektromagnetik (gelombang elektromagnetik). Gelombang ini melintas dan merambat lewat udara dan bisa juga merambat lewat ruang angkasa yang hampa udara, karena gelombang ini tidak memerlukan medium pengangkut (seperti molekul udara). (<a title="http://id.wikipedia.org/wiki/Radio" href="http://id.wikipedia.org/wiki/Radio">http://id.wikipedia.org/wiki/Radio</a>,Agustus 25,2010)<!--more-->\r\n</span></p>\r\n<p style="text-align: justify;"><span style="font-family: Arial;">Gelombang radio adalah satu bentuk dari radiasi elektromagnetik, dan terbentuk ketika objek bermuatan listrik dimodulasi (dinaikkan frekuensinya) pada frekuensi yang terdapat dalam frekuensi gelombang radio (RF) dalam suatu spektrum elektromagnetik, dan radiasi elektromagnetiknya bergerak dengan cara osilasi elektrik maupun magnetik. (<a title="http://id.wikipedia.org/wiki/Radio" href="http://id.wikipedia.org/wiki/Radio">http://id.wikipedia.org/wiki/Radio</a>,Agustus 25,2010)\r\n</span></p>\r\n<p style="text-align: justify;"><span style="font-family: Arial;"><strong>Sinyal Elektromagnetik\r\n</strong></span></p>\r\n<p style="text-align: justify;"><span style="font-family: Arial;">Sinyal elektromagnetik adalah suatu fungsi tehadap waktu, tetapi dapat juga dinyatakan sebagai fungsi terhadap frekuensi; yaitu, sinyal terdiri dari komponen-komponen dengan frekuensi beram.(Stallings, 2007).\r\n</span></p>\r\n<p style="text-align: justify;"><span style="font-family: Arial;">Sebuah sinyal elektromagnetik dapat berupa sinyal analog atau digital. Sinyal analog adalah sinyal yang intensitasnya beragam dengan mulus seiring waktu. Dengan kata lain, tidak ada jeda atau diskontinuitas dalam sinyal. Sebuah sinyal digital adalah sinyal yang intensitasnya tetap konstan pada suatu tingkat selama beberapa waktu kemudian berubah ketingkat konstan lain.\r\n</span></p>\r\n<p style="text-align: center;"><img alt="" src="http://melengo.files.wordpress.com/2012/10/102112_1732_pengertiang13.jpg" style=""><span style="font-family: Arial;">\r\n</span></p>\r\n<p style="text-align: center;"><span style="font-family: Arial;">Gambar: Bentuk Gelombang Analog dan Digital (Sumber : <a title="http://akbarulhuda.wordpress.com/2010/01/16/menganal-sinyal-analog-dan-digital/" href="http://akbarulhuda.wordpress.com/2010/01/16/menganal-sinyal-analog-dan-digital/">http://akbarulhuda.wordpress.com/2010/01/16/menganal-sinyal-analog-dan-digital/</a>)\r\n</span></p>\r\n<p style="text-align: center;"><img alt="" src="http://melengo.files.wordpress.com/2012/10/102112_1732_pengertiang23.jpg" style=""><span style="font-family: Arial;">\r\n</span></p>\r\n<p style="text-align: center;"><span style="font-family: Arial;">Gambar: Contoh Sinyal-sinyal Periodik (Sumber : <a href="http://www.google.co.id/imgres?imgurl=http://i263.photobucket.com">http://www.google.co.id/imgres?imgurl=http://i263.photobucket.com</a>)\r\n</span></p>\r\n<p style="text-align: justify;"><span style="font-family: Arial;">Bentuk sinyal paling sederhana adalah sinyal periodik, yaitu pola sinyal yang sama yang berulang sepanjang waktu. Gambar 2.4 menunjukan sebuah contoh sinyal analog periodik (gelombang sinus) dan sinyal digital periodik (gelombang persegi).(Stallings,2007)\r\n</span></p>\r\n<p style="text-align: justify;"><span style="font-family: Arial;"><strong>Pengertian Polarisasi\r\n</strong></span></p>\r\n<p style="text-align: justify;"><span style="font-family: Arial;">Polarisasi adalah arah dari vektor medan listrik.(Onno dkk, 2008). Mengenali polarisasi antena amat berguna dalam sistem <a title="Komunikasi" href="http://id.wikipedia.org/wiki/Komunikasi">komunikasi</a>, khususnya untuk mendapatkan efisiensi maksimum pada transmisi sinyal yang dikeluarkan oleh antena.\r\n</span></p>\r\n<p style="text-align: justify;"><span style="font-family: Arial;"><strong>Spektrum Elektromagnetik\r\n</strong></span></p>\r\n<p style="text-align: justify;"><span style="font-family: Arial;">Spektrum Elektromagnetik adalah wilayah frekuensi dan panjang gelombang. Gelombang elektromagnetik meliputi frekuensi maupun panjang gelombang yang sangat lebar. Bagian spektrum elektromagnetik banyak dikenali oleh manusia adalah cahaya, yang merupakan bagian spektrum elektromagnetik yang terlihat oleh mata. Cahaya berada pada kira-kira frekuensi 7.5*1014 Hz dan 3.8*1014 Hz. (Stallings, 2007).\r\n</span></p>\r\n<p style="text-align: justify;"><span style="font-family: Arial;">Radio menggunakan bagian dari spektrum elektromagnetik dimana gelombangnya dapat dibangkitkan dengan memasukkan arus bolak balik ke antena. Hal ini hanya benar pada wilayah 3 Hz sampai 300 GHz. Punggunaan paling populer dari gelombang micro adalah di oven <em>microwave</em>, yang kebetulan menggunakan frekuensi yang sama dengan frekuensi standard <em>wireless </em>yang penulis akan bahas. Spektrum frekuensi ini berada dalam band yang dibuat terbuka untuk penggunaan umum tanpa perlu lisensi. Di Indonesia berdasarkan KEPMEN Nomor 2/2005, penggunaan frekuensi 2.4 GHz dapat dilakukan tanpa perlu lisensi dari pemerintah.\r\n</span></p>\r\n<p style="text-align: justify;"><span style="font-family: Arial;"><strong>Bandwith\r\n</strong></span></p>\r\n<p style="text-align: justify;"><span style="font-family: Arial;">Bandwith adalah ukuran dari sebuah wilayah / lebar / daerah frkuensi. Jika lebar frekuensi yang digunakan oleh sebuah alat adalah 2.40 GHz sampai 2.48 GHz maka bandwith yang digunkan adalah 0.08 GHz. Semakin besar bandwith yang digunakan akan berdampak pada semakin cepat atau besar jumlah data yang dapat dikirimkan didalamnya, dengan ilustrasi semakin lebar tempat yang tersedia di ruang frekuensi, semakin banyak data dapt kita masukkan pada sebuah waktu.(Onno dkk, 2008)\r\n</span></p>\r\n<p style="text-align: justify;"><span style="font-family: Arial;"><strong>Frekuensi dan Kanal\r\n</strong></span></p>\r\n<p style="text-align: justify;"><span style="font-family: Arial;">Pembagian spectrum menjadi potongan-potongan kecil yang terdistribusi pada band sebagai satuan kanal\r\n</span></p>\r\n<p style="text-align: center;"><img alt="" src="http://melengo.files.wordpress.com/2012/10/102112_1732_pengertiang33.png" style=""><span style="font-family: Arial;">\r\n</span></p>\r\n<p style="text-align: center;"><span style="font-family: Arial; font-size: 10pt;">Gambar: Kanal dan Frekuensi Tengah untuk 802.11b (Onno dkk, 2008)\r\n</span></p>\r\n<p style="text-align: justify;"><span style="font-family: Arial;"><strong>Perilaku Gelombang Radio\r\n</strong></span></p>\r\n<p style="text-align: justify;"><span style="font-family: Arial;">Ada beberapa aturan yang dapat digunakan dalam merencanakan instalasi jaringan nirkabel, yaitu : (Onno dkk, 2008)\r\n</span></p>\r\n\r\n\r\n\r\n\r\n<ul style="margin-left: 72pt;">\r\n	<li>\r\n<div style="text-align: justify;"><span style="font-family: Arial;">Semakin panjang gelombang, semakin jauh gelombang radio merambat. Untuk daya pancar yang sama, gelombang dengan panjang gelombang yang lebih panjang cendrung untuk dapat menjalar lebih jauh daripada gelombang dengan panjang gelombang pendek. Efek ini kadang kala terlhat di radio FM, jika di bandingkan jarak pancar pemancar FM diwilayah 88 MHz dengan wilayah 108 MHz.\r\n</span></div></li>\r\n	<li>\r\n<div style="text-align: justify;"><span style="font-family: Arial;">Semakin panjang gelombang, semakin mudah gelombang melalui atau mengitari penghalang. Sebagai contoh, radio FM (88-108 MHz) dapat menembus bangunan atau berbagai halangan dengan lebih mudah. Sementara yang gelombangnya lebih rendah, seperti handphone GSM yang bekerja pada 900 MHz atau 1800 MHz akan lebih sukar untuk menembus bangunan. Memang efek ini sebagian karena perbedaan daya pancar yang digunakan di radio FM dengan GSM, tapi juga sebagian karena pendeknya panjang gelombang di sinyal GSM.\r\n</span></div></li>\r\n	<li>\r\n<div style="text-align: justify;"><span style="font-family: Arial;">Semakin pendek panjang gelombang, semakin banyak data yang dapat dikirim. Semakin cepat gelombang berayun atau bergetar, semakin banyak informasi yang dapat dibawa setiap getaran atau ayunan digunakan untuk mengirimkan bit digital ''0'' atau ''1'', ''ya'' atau ''tidak''. Ada sebuah prinsip yang dapat dilihat di semua jenis gelombang dan amat sangat berguna untuk mengerti proses perambatan gelombang radio. Prinsip tersebut dikenal sebagai Prinsip Huygens, yang diambil dari nama Christiaan Huygens, seorang matematikawan, fisikawan dan astronomer Belanda 1629-1695.\r\n</span></div>\r\n<p style="text-align: justify;"><span style="font-family: Arial;">"Prinsip Huygens adalah metoda analisis yang digunakan untuk masalah perambatan atau propagasi gelombang dibatasan medan jauh (far field). Prinsip Huygens memahami bahwa setiap titik dalam gelombang berjalan adalah pusat dari perubahan yang baru dan sumber dari gelombang yang lain, dan gelombang berjalan secara umum dapat dilihat sebagai penjumlahan dari gelombang yang muncul pada media yang bergerak. Cara pandang perambatan atau propagasi gelombang yang demikian sangat membantu dalam memahami berbagai fenomena gelombang lainnya, seperti difraksi."\r\n</span></p>\r\n</li>\r\n</ul>\r\n<p style="text-align: justify;"><span style="font-family: Arial;">Prinsip ini membantu untuk mengerti difraksi maupun zone Fresnel yang dibutuhkan untuk line of sight (LOS) maupun kenyataan bahwa kadang-kadang kita dapat mengatasi wilayah tidak line of sight.\r\n</span></p>\r\n<p style="text-align: justify;"><span style="font-family: Arial;"><strong>Absorsi / Penyerapan\r\n</strong></span></p>\r\n<p style="text-align: justify;"><span style="font-family: Arial;">Pada saat gelombang elektromagnetik menabrak sesuatu material, biasanya gelombang akan menjadi lemah atau teredam. Banyak daya yang hilang akan sangat tergantung pada frekuensi yang digunakan dan tentunya material yang ditabrak. Untuk gelombang <em>microwave</em>, ada dua material utama yang menjadi penyerap, yaitu :\r\n</span></p>\r\n\r\n\r\n\r\n\r\n<ul style="margin-left: 72pt;">\r\n	<li>\r\n<div style="text-align: justify;"><span style="font-family: Arial;">Metal\r\n</span></div>\r\n<p style="text-align: justify;"><span style="font-family: Arial;">Elektron bergerak beebas di metal dan siap untuk berayun oleh karenanya akan menyerap energy dari gelombang yang lewat.\r\n</span></p>\r\n</li>\r\n	<li>\r\n<div style="text-align: justify;"><span style="font-family: Arial;">Air\r\n</span></div>\r\n<p style="text-align: justify;"><span style="font-family: Arial;">Gelombang <em>microwave</em> akan menyebabkan molekul air bergetar, yang pada prosesnya akan mengambil sebagian energi gelombang.\r\n</span></p>\r\n</li>\r\n</ul>\r\n<p style="text-align: justify;"><span style="font-family: Arial;">Untuk kepentingan pembuatan jaringan nirkabel secara praktis, penulis akan melihat metal dan air sebagai penyerap gelombang yang baik. Lapisan air merupakan penghalang gelombang <em>microwave</em>, kira-kira sama dengan tembok pada cahaya. Air mempunyai banyak dampak yang besar dan dalam banyak kesempatan perubahan cuaca sangat mungkin untuk membuat sambungan jaringan nirkabel menjadi putus.\r\n</span></p>\r\n<p style="text-align: justify;"><span style="font-family: Arial;">Ada material lain yang mempunyai efek yang lebih kompleks terhadap penyerapan gelombang radio, yaitu pohon dan kayu. Banyaknya penyerapan sangat tergantung pada jumlah air yang ada pada material yamg terkena gelombang <em>microwave</em>.\r\n</span></p>\r\n<p style="text-align: justify;"><span style="font-family: Arial;"><strong>Refleksi / Pantulan\r\n</strong></span></p>\r\n<p style="text-align: justify;"><span style="font-family: Arial;">Gelombang radio juga akan terpantul jika gelombang tersebut bersentuhan dengan material yang cocok untuk itu. Untuk gelombang radio, sumber tama dari pantulan adalah metal dan permukaan air. Aturan terjadinya pantulan cukup sederhana, sudut masuknya gelombang ke permukaan akan sama dengan sudut sinyal di pantulkan. Dalam pandangan gelombang radio sebuah terali besi atau sekumpulan tiang besi yang rapat sama dengan sebuah permukaan yang padat, selama jarak antar tiang lebih kecil dari panjang gelombang radio-nya.(Onno dkk, 2008)\r\n</span></p>\r\n<p style="text-align: center;"><img alt="" src="http://melengo.files.wordpress.com/2012/10/102112_1732_pengertiang43.png" style=""><span style="font-family: Arial;">\r\n</span></p>\r\n<p style="text-align: center;"><span style="font-family: Arial; font-size: 10pt;">Gambar: Pantulan dari gelombang radio.\r\n</span></p>\r\n<p style="text-align: justify;"><span style="font-family: Arial;">Sudut masuk gelombang akan sama dengan sudut dari pantulan. Sebuah bentuk parabolik akan menggunakan efek ini untuk mengkonsentrasikan gelombang radio yang tersebar dipermukaannya menuju satu tujuan.(Sumber : Onno dkk, 2008)<span style="font-size: 10pt;">\r\n</span></span></p>\r\n<p style="text-align: justify;"><span style="font-family: Arial;"><strong>Difraksi\r\n</strong></span></p>\r\n<p style="text-align: justify;"><span style="font-family: Arial;">Difraksi adalah lenturan yaitu peristiwa pematahan gelombang oleh celah sempit sebagai penghalang.(Onno dkk,2008) Difraksi dapat membuat sinyal radio mampu merambat melalui kelengkungan bumi, melewati horizon dan merambat dibelakang halangan. Difraksi akan tampak seperti pembelokan dari gelombang pada saat menabrak sebuah onjek, hal ini merupakan efek dari sifat gelombang. Jika kita melihat barisan gelombang yang mungkin saja berupa gelombang elektromagnetik sebagai sinar yang lurus, akan susah untuk menerangkan bagaimana caranya mencapai titik-titik yang tersembunyi dibalik penghalang. Dengan model barisan gelombang maka fenomena ini menjadi masuk akal.\r\n</span></p>\r\n<p style="text-align: center;"><img alt="" src="http://melengo.files.wordpress.com/2012/10/102112_1732_pengertiang53.png" style=""><span style="font-family: Arial;">\r\n</span></p>\r\n<p style="text-align: center;"><span style="font-family: Arial; font-size: 10pt;">Gambar: Difraksi melalui celah sempit (Onno dkk,2008)\r\n</span></p>\r\n<p style="text-align: justify;"><span style="font-family: Arial;">Prinsip Huygens memberikan sebuah model untuk mengerti prilaku ini. Pada gelombang <em>microwave</em>, dimana panjang gelombangnya beberapa centimeter, akan menampakan efek difraksi saat gelombang menabrak tembok, puncak gunung, dan berbagai halangan lainnya. Efek ini akan tampak seperti penghalang akan menyebabkan gelombang mengubah arahnya dan mengitari sisi atau pojokan penghalang.\r\n</span></p>\r\n<p style="text-align: center;"><img alt="" src="http://melengo.files.wordpress.com/2012/10/102112_1732_pengertiang63.png" style=""><span style="font-family: Arial;">\r\n</span></p>\r\n<p style="text-align: center;"><span style="font-family: Arial; font-size: 10pt;">Gambar: Difraksi Melalui Puncak Gunung (Onno dkk,2008)\r\n</span></p>\r\n<p style="text-align: justify;"><span style="font-family: Arial;">Pada dasarnya efek difraksi akan membebani daya, energy dari gelombang yang terdifraksi akan sangat jauh lebih kecil dari barisan gelombangnya.\r\n</span></p>\r\n<p style="text-align: justify;"><span style="font-family: Arial;"><strong>Interferensi\r\n</strong></span></p>\r\n<p style="text-align: justify;"><span style="font-family: Arial;">Untuk memahami sebuah gelombang, satu tambah satu belum tentu sama dengan dua. Hasilnya kadang-kadang bisa saja menjadi nol.\r\n</span></p>\r\n<p style="text-align: center;"><img alt="" src="http://melengo.files.wordpress.com/2012/10/102112_1732_pengertiang73.png" style=""><span style="font-family: Arial;">\r\n</span></p>\r\n<p style="text-align: center;"><span style="font-family: Arial; font-size: 10pt;">Gambar: Interferensi Konstruktif dan Destruktif (Onno dkk,2008)\r\n</span></p>\r\n<p style="text-align: justify;"><span style="font-family: Arial;">Untuk pemahaman dari gambar diatas, bayangkan jika kita menggambar dua (2) gelombang sinus dan menjumlahkan amplitudanya. Pada saat puncak bertemu dengan puncak, maka kita akan memperoleh hasil yang maksimum (1+1=2). Hal ini disebut interferensi konstruktif. Akan tetapi jika puncak bertemu dengan lembah, maka hasil yang diperoleh adalah penghilangan dari sinyal ((1+(-)1=0). Hal ini disebut interferensi destruktif.\r\n</span></p>\r\n<p style="text-align: justify;"><span style="font-family: Arial;">Dalam teknologi jaringan nirkabel, istilah interferensi biasanya digunakan untuk hal yang lebih luas, untuk gangguan dari sumber radio frekuensi seprti dari kanal tetangga. Jadi interferensi dalam jaringan nirkabel adalah sebuah gangguan yang dapat menggangu kualitas sinyal.(Onno dkk,2008)\r\n</span></p>\r\n<p style="text-align: justify;"><span style="font-family: Arial;"><strong>Propagasi\r\n</strong></span></p>\r\n<p style="text-align: justify;"><span style="font-family: Arial;">Propagasi adalah rambatan gelombang <em>microwave</em> melalui udara dari antena pemancar ke antena penerima yang jaraknya bisa mencapai ribuan kilometer.(Wibisono dkk,2008)\r\n</span></p>\r\n<p style="text-align: justify;"><span style="font-family: Arial;"><strong>Line Of Sight\r\n</strong></span></p>\r\n<p style="text-align: justify;"><span style="font-family: Arial;">Line of sight adalah jalur transmisi antara transmiter dan receiver.(Onno dkk,2008) Konsep line of sight sangat kompleks jika diterapkan pada gelombang microwave, sebagian besar karakteristik perambatan atau propagasi gelombang elektromagnetik tergantung pada panjang gelombangnya.\r\n</span></p>\r\n<p style="text-align: justify;"><span style="font-family: Arial;"><strong>Daya\r\n</strong></span></p>\r\n<p style="text-align: justify;"><span style="font-family: Arial;">Gelombang elektromagnetik akan membawa <em>energy </em>pada saat tekena panas matahari. Jumlah energy yang di terima pada satu waktu tertentu di sebut daya.(Onno dkk, 2008)\r\n</span></p>', 'Radio', 'P', 15, NULL, 1356869093, 1361175151, 0, 0, '', 1),
(62, 'Transport Control Protocol/Internet Protocol (TCP/IP)', '<p style="text-align: justify;"><span style="font-family: Arial;">Selama 1970-an, Defense Advanced Research Projects Agency (DARPA) mendanai University of California di Berkeley untuk mengmbangkan protokol TCP/IP. Karena sistem operasi Unix secara luas digunakan di universitas-universitas di seluruh negara, Unix adalah sistem operasi pertama yang menjalankan protokol TCP/IP. Pada akhirnya, selama bertahun-tahun, TCP / IP diadopsi sebagai komunikasi resmi Advanced Research Projects Agency network (ARPANet) protocol (Burns, 2003). Secara umum TCP/IP dikenal dengan jaringan yang beraneka ragam, yang berarti berbagai jenis perangkat komputasi jaringan yang terpasang. TCP/IP pada awalnya dirancang untuk memungkinkan berbagai jenis sistem komputer untuk berkomunikasi seolah-olah mereka adalah sistem yang sama (Naugle , 1999).<!--more-->\r\n</span></p>\r\n<p style="text-align: justify;"><span style="font-family: Arial;">Dalam arsitektur jaringan komputer, terdapat suatu lapisan-lapisan (layer) yang memiliki tugas spesifik serta memiliki protokol tersendiri. International Standard Organization (ISO) telah mengeluarkan suatu standard untuk arsitektur jaringan komputer yang dikenal dengan nama Open System Interconnection (OSI). Standard ini terdiri dari 7 (tujuh) lapisan protokol yang menjalankan fungsi komunikasi antara 2 (dua) komputer. Dalam TCP/IP hanya terdapat 4 (empat) lapisan, walaupun jumlahnya berbeda, namun semua fungsi dari lapisan-lapisan arsitektur OSI telah tercakup oleh arsitektur TCP/IP. Adapun rincian fungsi masing-masing layer arsitektur TCP/IP, diantaranya (Casad, 2012):\r\n</span></p>\r\n<p style="text-align: center;"><img alt="" src="http://melengo.files.wordpress.com/2012/10/102512_0316_transportco15.jpg" /><span style="font-family: Arial;">\r\n</span></p>\r\n<p style="text-align: center;"><span style="font-family: Arial;">Gambar: Alur Kerja Dalam TCP/IP (sumber: (Casad, 2012))\r\n</span></p>\r\n<p style="text-align: center;"><img alt="" src="http://melengo.files.wordpress.com/2012/10/102512_0316_transportco25.gif" /><span style="font-family: Arial; font-size: 11pt;">\r\n</span></p>\r\n<p style="text-align: center;"><span style="font-family: Arial;">Gambar: Alur Data dalam TCP/IP (sumber: (Hunt, 1997))\r\n</span></p>\r\n\r\n\r\n\r\n\r\n<ol>\r\n	<li>\r\n<div style="text-align: justify;"><span style="font-family: Arial;">Network Access layer\r\n</span></div>\r\n<p style="text-align: justify;"><span style="font-family: Arial;">Network Access layer Menyediakan sebuah antarmuka dengan jaringan fisik. Format data untuk media transmisi, pengiriman data berdasarkan alamat subnet, alamat hardware fisik dan menyediakan kontrol error ketika data dikirimkan pada jaringan fisik. Fungsi dalam lapisan ini adalah mengubah IP datagram ke <em>frame</em> yang ditransmisikan oleh network, dan memetakan IP Address ke physical address yang digunakan dalam jaringan.\r\n</span></p>\r\n</li>\r\n	<li>\r\n<div style="text-align: justify;"><span style="font-family: Arial;">Internet layer\r\n</span></div>\r\n<p style="text-align: justify;"><span style="font-family: Arial;">Dalam lapisan ini terdapat empat buah protokol yaitu IP (Internet Protocol) unreliable, connectionless, datagram delivery service. Protokol IP merupakan inti dari protokol TCP/IP. Seluruh data yang berasal dari protokol pada layer di atas IP harus dilewatkan, oleh protokol IP, dan dipancarkan sebagai paket IP, agar sampai ke tujuan. Dalam melakukan pengiriman data, IP memiliki sifat yang dikenal sebagai unreliable, connectionless, datagram delivery service.\r\n</span></p>\r\n</li>\r\n	<li>\r\n<div style="text-align: justify;"><span style="font-family: Arial;">Transport layer\r\n</span></div>\r\n<p style="text-align: justify;"><span style="font-family: Arial;">Dalam lapisan ini menyediakan aliran kontrol, error kontrol, layanan untuk internetwork dan berfungsi sebagai antarmuka untuk aplikasi jaringan. Pada transport layer terdapat 2 (dua) protkol diantaranya:\r\n</span></p>\r\n\r\n\r\n\r\n\r\n<ul style="margin-left: 72pt;">\r\n	<li>\r\n<div style="text-align: justify;"><span style="font-family: Arial;">TCP connection-oriented, reliable protokol, byte stream service. Connection Oriented berarti sebelum melakukan pertukaran data, dua aplikasi pengguna TCP harus melakukan hubungan (handshake) terlebih dahulu. Reliable berarti TCP menerapkan proses deteksi kesalahan paket dan retransmisi. Byte Stream Service berarti paket dikirimkan dan sampai ke tujuan secara berurutan.\r\n</span></div></li>\r\n	<li>\r\n<div style="text-align: justify;"><span style="font-family: Arial;">UDP connectionless and unreliable. Walaupun bertanggung jawab untuk mentransmisikan pesan/data, tidak ada software yang mengecek pengantaran setiap segmen yang dilakukan oleh layer ini. Keuntungan penggunaan UDP adalah kecepatannya karena pada UDP tidak ada acknowledgements, sehingga traffic yang lewat jaringan rendah, dan itu yang membuat UDP lebih cepat dari pada TCP.\r\n</span></div></li>\r\n</ul>\r\n</li>\r\n	<li>\r\n<div style="text-align: justify;"><span style="font-family: Arial;">Application layer\r\n</span></div>\r\n<p style="text-align: justify;"><span style="font-family: Arial;">Menyediakan aplikasi untuk troubleshooting jaringan, file transfer, remote control, dan aktivitas Internet. Juga mendukung jaringan pemrograman aplikasi antarmuka (API) yang memungkinkan program yang ditulis pada lingkungan tertentu.</span></p>\r\n</li>\r\n</ol>', '', 'P', 21, NULL, 1356869245, 1360966041, 0, 0, '', 1),
(63, '14 Keriteria Cewek Seorang Anak IT', '<p style="text-align: justify;">Banyak Yang bertanya tentang satu nih. kenapa sih seorang yang terjun Dalam bidang Tehnik Impormatika Jarang sekali Mempunyai Seorang Cewek. Dari permasalahan Ini Gw termasuk dalam katagori Tersebut, Setelah di telaah dan terus di cari permasalahan ini kenapa,siapa,dimana,kapan,bagaimna. Sekian pertanyaan yang udah terluncur dari beberapa orang yang peduli ama Gw. Akhirnya Gw ngomong masalah yang satunih sebenernyah seorang IT tuh tidak lepas dari yang namanya seorang pendamping. Sama Seperti Komputer Kalok g ada pendamping Komputer tuh g akan bisa berintraksi dengan siapapun, seprti manusia, meraka jg butuh yang namanya pendamping. bagaimanapun jugak hati seorang anak IT Sebenarnyah tuh selalu bertanya-tanya kenapa sampai saat ini Gw belum punyak cewek...!!!</p>\r\n<p style="text-align: justify;"><!--more Selengkapnyah-->gimana bisa punya cewe tiap hari kerjaanyah depan komputer bicara ma koding, ampe lupa mandi, makan pun jarang tapi si komputer nih jg g pernah ngeluh mandi g mandi tetep aja di temenin. Sebenernyah Seorang Anak it memiliki kereteria yang lebih sepesipik lg seperti cewek yang berintelektual baik dalam segi jasmani maupun rohaninyah. nah berikut beberapa keriteria seorang laki-laki yang terjun dalam bidang IT :</p>\r\n<ol><ol><li>OPen Sorch\r\nTerbuka Tetapi bisa menyesuaikan diri bertahan sewaktu datang kesulita dan serangan\r\n\r\n\r\n\r\n\r\nEnabling Compiz Fusion\r\n\r\n\r\n\r\n\r\nBerpenampilan indah biar mata g bosan kalok terus di pandang&nbsp;</li><li>Network Apailable\r\nMempunyai jaringan yang luas biar entar Klok ada gangguan di jalan bisa mintak bantuan ama yang lain. dan g kuper&nbsp;</li><li>Portable\r\nbisa di bawa kemana-mana g nyusahin.&nbsp;</li><li>Responsiv\r\n\r\n\r\n\r\n\r\nDia tau apa yang akan di kerjakan dalam keadaan darruran / dangger&nbsp;</li><li>User friendly \r\nAkrab dalam segala hal mudah bergaul&nbsp;</li><li>Plug And Play\r\nTidak Perlu di ajarkan klok entar udah nikah ada perabotan baru&nbsp;&nbsp;&nbsp;</li><li>Stored message alert \r\nBisa Di percaya g cepat bongkar rahasia&nbsp;</li><li>Multitasking\r\nMampu mengerjakan pekerjaan dalam waktu bersamaan&nbsp;</li><li>Multilingwal\r\nMmampu berinteraksi di dengan baik dengan siapa pun&nbsp;</li><li>Start Up\r\nSiapa siaga dalam permasalahan apaun tampa merugikan orang lain&nbsp;</li><li>Gui Looking\r\nKagak banyak tingkah seperti Comen shel nyah linux.&nbsp;</li><li>OOP\r\n\r\n\r\n\r\n\r\nMelihat objek dalam memecahkan masalah&nbsp;</li><li>Multi Protokol\r\n\r\n\r\n\r\n\r\nMempunyai kesepakatan bersama biar terus saling percaya walapun masalah datang terus menghampiri.&nbsp;</li><li>Freezonal zone \r\nG banyak halangan kalok entar dateng waktunyah ngelamar si cewek.\r\nNah gimana cui udah tau kan keriteria seorang anak IT dalam memilih cewek makanya sampai saat ini belum nemuin cewek idaman nyah.\r\nmantab cui ..............?</li></ol></ol>\r\n', '', 'P', 20, NULL, 1356869677, 1360603342, 0, 0, '', 1),
(64, 'Repository Arch Linux ', 'Bagi yang suka ama arch linux berikut daptar repo local indonesia yang bisa digunakan untuk menginstall paket-paket aplikasi.<!--more-->\r\n<pre class="brush:bash;">#Server = http://archlinux.idrepo.or.id/archlinux/$repo/os/$arch\r\n#Server = http://bali.idrepo.or.id/archlinux/$repo/os/$arch\r\n#Server = http://madura.idrepo.or.id/archlinux/$repo/os/$arch\r\n#Server = http://sulawesi.idrepo.or.id/archlinux/$repo/os/$arch\r\n#Server = http://sumbawa.idrepo.or.id/archlinux/$repo/os/$arch\r\n#Server = http://mirror.kavalinux.com/archlinux/$repo/os/$arch\r\n#Server = http://kambing.ui.ac.id/archlinux/$repo/os/$arch\r\n#Server = http://repo.ukdw.ac.id/archlinux/$repo/os/$arch</pre>\r\nKemudian Untuk mengaptipkan alamat repo yang akan di gunakan tinggal uncomment tanda (#) yang ada seperti di atas. kemudian lakukan update dengan cara seperti berikut.\r\n<pre class="brush:bash;">[root@melengo ~]# pacman -Sy</pre>\r\nUntuk lebih jelasnya bisa mengunjungi alamat wiki arch linux itu sendiri :\r\n\r\n\r\n\r\n\r\n<a href="https://wiki.archlinux.org/index.php/Mirrors" target="_blank">https://wiki.archlinux.org/index.php/Mirrors</a>\r\n\r\n\r\n\r\n\r\nsemoga berhasil . . . . !', '', 'P', 25, NULL, 1356869835, 1360559254, 0, 0, '', 1),
(65, 'Apa itu Email Server?', '<p style="text-align: justify;"><span style="font-family:Arial;">Email Server Adalah Perangkat lunak program yang mendistribusikan file atau informasi sebagai respons atas permintaan yang dikirim via email, juga digunakan pada bitnet untuk menyediakan layanan serupa. Email Server melibatkan banyak sistem untuk menyampaikan email dari dan antar server ataupun klien. Pengguna menggunakan <em>Mail User Agent</em> (MUA) untuk autentikasi hingga bisa mengirim pesan menggunakan <em>Mail Transfer Agent</em> (MTA) yang bekerja dengan protokol <em>Simple Mail Transfer Protocol</em> (SMTP). Untuk mengambil pesan yang disediakan oleh <em>Mail Delivery Agent</em> (MDA) Pengguna menggunakan protokol <em>Post Office Protocol</em> (POP3) atau <em>Internet Message Access Protocol</em> (IMAP) (Schering, Gotangco, &amp; Ottina, 2010).<!--more-->\r\n</span></p>\r\n<p style="text-align:center;"><img alt="" src="http://melengo.files.wordpress.com/2012/10/102112_1807_whatisemail11.png" style=""><span style="font-family:Arial;">\r\n</span></p>\r\n<p style="text-align:center;"><span style="font-family:Arial;">Gambar: Email sender (sumber: <a href="http://webupon.com/e-mail/what-is-the-mail-server/">http://webupon.com/e-mail/what-is-the-mail-server/</a>)\r\n</span></p>\r\n<p style="text-align: justify;"><span style="font-family:Arial;">Secara proses, maka terbagi 3 (tiga) komponen yang bekerja antara server dengan server dan antar server dengan klien sehingga klien bisa mengirim dan menerima email, ketiga komponen tersebut adalah sebagai berikut :\r\n</span></p>\r\n<p style="text-align:justify;"><span style="font-family:Arial;"><strong>Mail User Agent (MUA)\r\n</strong></span></p>\r\n<p style="text-align: justify;"><span style="font-family:Arial;"><em>Mail User Agent</em> (MUA) adalah sebuah program pada sisi client yang berfungsi untuk mengirim, menyusun, membaca dan mengatur pesan pada <em>mailbox</em> pengguna menggunakan protocol POP, POP3, dan IMAP (Hagen, 2007).\r\n</span></p>\r\n<p style="text-align: justify;"><span style="font-family:Arial;">Perangkat lunak MUA jumlahnya beragam baik yang berbasis <em>web</em> maupun <em>desktop.</em> Beberapa perangkat lunak MUA yang berbasis desktop antara lain, Evolution Mail, Thunderbird, Microsoft Outlook, dan lain\r\n</span></p>', '', 'P', 18, NULL, 1356870039, 1360556418, 0, 0, '', 1),
(66, 'HMVC (Hierarchical Model View Controller) Pada Yii Framework', '<p style="text-align: justify;"><span style="font-family:Arial;">HMVC (Hierarchical Model View Controller) pertama kali dijelaskan pada artikel javaWord yang berjudul (HMVC: <em>The layered pattern for developing strong client tiers</em>) pada bulan Juli tahun 2000. Artikel pada javaWord memberikan penjelasan rinci bagaimana pola HMVC dapat membantu dalam desain apliaksi desktop dengan GUI. Akan tetapi fokus dari pembahasan ini adalah bagaimana HMVC dapat digunakan untuk membangun aplikasi berbasis WEB.<!--more-->\r\n</span></p>\r\n<p style="text-align: justify;"><span style="font-family:Arial;">HMVC merupakan hirarki atau susunan dari pola MVC yang terusun menjadi satu kesatuan aplikasi (Freyssinet, 2010). Setiap susnan MVC benar-benar independen (berdiri sendiri) dan dapat mengeksekusi tanpa kehadiran yang lain. Semua permintaan dari sususnan masing-masing MVC harus menggunakan antarmuka (view) dan pengendali (controller) sendiri dan tidak pernah memuat model atau perpustakaan di luar domain atau sususnan MVC sendiri. Adapun fitur yang berbeda dari HMVC adalah mendorong penggunaan (programer) kembali kode yang sudah ada, menyederhanakan pengujian bagian yang berbeda dari masing-masing sistem MVC dan memastikan bahwa aplikasi ini mudah ditingkatkan atau diperpanjang. Maksutnya setiap pola tigaserangkai ini (model, view dan controller) dibangun berdasarkan satu kasus yang tidak akan mengganggu kasus yang lainnya seperti penanganan halaman admin, halaman public (pront), komentar dan widget keempat kasus ini bisa dibagi mengunakan pola HMVC.\r\n</span></p>\r\n<p style="text-align: justify;"><span style="font-family:Arial;">Pada Yii Framework pola HMVC disebut sebagai <em>module. </em> Pola module didefinisikan sebagi <span style="color:#222222;"><span style="font-size:10pt;background-color:white;">unit piranti lunak berdiri sendiri yang terdiri dari <a href="http://www.yiiframework.com/doc/guide/1.1/id/basics.model"><span style="color:black;">model</span></a><span style="color:black;">, <a href="http://www.yiiframework.com/doc/guide/1.1/id/basics.view">view</a>, <a href="http://www.yiiframework.com/doc/guide/1.1/id/basics.controller">controller</a><span style="color:#222222;"> dan komponen pendukung lainnya. Dalam banyak aspek, sebuah module mirip dengan <a href="http://www.yiiframework.com/doc/guide/1.1/id/basics.application"><span style="color:black;">aplikasi</span></a>. Perbedaan utamanya adalah bahwa module tidak bisa digunakan sendirian dan harus berada di dalam sebuah aplikasi. </span></span></span>P</span>ola mengunakan module (HMVC), disarankan ketika mebangun aplikasi bersekala besar, module-module yang dibangun dapat dikembangkan maupun di- maintenance secara terpisah dan juga dapat digunakan / dipakai pada projek mendatang. Adapun <span style="font-size:10pt;background-color:white;">Gambaran steruktur pola HMVC dan MVC.\r\n</span></span></p>\r\n<p style="text-align:center;"><img alt="" src="http://melengo.files.wordpress.com/2012/11/110612_0336_hmvchierarc12.png" style=""><span style="font-family:Arial;">\r\n</span></p>\r\n<p style="text-align:center;"><span style="color:black;font-family:Arial;font-size:10pt;"><strong>Gambar: Pola MVC dan HMVC\r\n</strong></span></p>\r\n<p style="text-align:center;"><img alt="" src="http://melengo.files.wordpress.com/2012/11/110612_0336_hmvchierarc22.png" style=""></p>\r\n<p style="text-align:center;"><span style="color:black;font-family:Arial;font-size:10pt;"><strong>Gambar: Alur Kerja Secara Umum Pola HMVC\r\n</strong></span></p>\r\n<p style="text-align: justify;"><span style="font-family:Arial;">Adapun implementasi mengunakan pola HMVC pada yii framework akan dibahas pada artikel selanjutnya. Sekian semoga bermanfaat.</span></p>', '', 'P', 27, NULL, 1356870760, 1361059548, 0, 0, '', 1),
(67, 'Asynchronous JavaScript and XML (AJAX)', '<p style="text-align:justify;"><span style="font-family:Arial;">XMLHttpRequest adalah objek yang memungkinkan kode pada JavaScript dalam melakukan permintaan secara asingkron ke HTTP Server. Berfungsi melaklukan permintaan maupun menerima tanggapan dan memperbaharui bagian dari halaman tampa mengalamai interupsi visual (Darie, Bogdan, Chereche&#351;-To&#351;a, &amp; Bucica, 2006).<!--more-->\r\n</span></p>\r\n<p style="text-align:justify;"><span style="font-family:Arial;">Secara teknis XMLHttpRequest merupakan sebuah <a href="http://en.wikipedia.org/wiki/Document_Object_Model">Document Object Model</a> (DOM) yang dapat digunakan pada pada web berowser scripting language seperti JavaScript. Saat ini digunakan oleh banyak situs/website untuk mengimplementasikan aplikasi web yang responsif dan dinamis. Contohnya, <a href="http://gmail.com/" target="_blank">Gmail</a>, <a href="http://maps.google.com/" target="_blank">Google Maps</a>, <a href="http://facebook.com/" target="_blank">Facebook</a>, <a href="http://twitter.com/">twitter</a> dan banyak lainnya.\r\n</span></p>\r\n<p style="text-align:justify;"><span style="font-family:Arial;">Asynchronous JavaScript and XML (AJAX) dibangun oleh Microsoft pada tahun 1999. berjalan pada Objek XMLHttpRequest dan merupakan teknologi yang memungkinkan pengguna dalam melakukan request ke HTTP Server secara asynchronous atau tampa merefres walaman websait (Darie, Bogdan, Chereche&#351;-To&#351;a, &amp; Bucica, 2006).\r\n</span></p>\r\n<p style="text-align:justify;">&nbsp; &nbsp; &nbsp; &nbsp; &nbsp; &nbsp; &nbsp; &nbsp; &nbsp; &nbsp;<img alt="" src="http://melengo.files.wordpress.com/2012/10/102112_0651_asynchronou1.png" style="width: 529px; height: 225px;"><span style="font-family:Arial;">\r\n</span></p>\r\n<p style="text-align:justify;"><span style="font-family:Arial;">Ajax merupak salah satu tehnik pemrograman berbasis web untuk meciptakan aplikasi web yang intraktif. Tujuannya adalah dalam melakukan pertukaran data dengan Server dilakukan dibelakang layar, sehingga halaman web tidak harus dibaca ulang secara keseluruhan setiap kali seorang pengguna melakukan perubahan. Hal ini akan meningkatkan interaktivitas, kecepatan, dan usability.\r\n</span></p>\r\n', '', 'P', 25, NULL, 1356870941, 1360556562, 0, 0, '', 1),
(69, 'Delete All record pada yii mengunakan CGridView & CheckBoxColumn', '<p style="text-align: justify;">Pada tutorial kali ini bagai mana menghapus data berdasarkan&nbsp;CheckBox yang sudah di centang seperti gambar di bawah ini gan :</p><!--more--><p style="text-align: center;"><a href="https://lh6.googleusercontent.com/-Yb7gbKvq_Do/Tz6AHkU9WeI/AAAAAAAAAEI/mEFEnx8fqwM/s808/Screenshot%2520at%25202012-02-18%252000%253A24%253A21.png"><img class="aligncenter" title="table" alt="" src="https://lh6.googleusercontent.com/-Yb7gbKvq_Do/Tz6AHkU9WeI/AAAAAAAAAEI/mEFEnx8fqwM/s808/Screenshot%2520at%25202012-02-18%252000%253A24%253A21.png" width="466" height="147" data-mce-src="https://lh6.googleusercontent.com/-Yb7gbKvq_Do/Tz6AHkU9WeI/AAAAAAAAAEI/mEFEnx8fqwM/s808/Screenshot%2520at%25202012-02-18%252000%253A24%253A21.png" style="width: 674.3018867924528px; height: 214px;"></a></p><p>untuk di perhatikan sesuaikan dengan nama kolom table database anda dan berikut langkah demi langkah tutorial kali ini.</p><p><br></p><p>pada bagian view ikuti code berikut ini dan sesuaikan dengan kolom table database anda:</p><pre> $form = $this-&gt;beginWidget(''CActiveForm'', array(\r\n        ''id'' =&gt; ''account-form'',\r\n        ''action'' =&gt; array(''account/deleteall''),\r\n        ''enableAjaxValidation'' =&gt; true,\r\n            ));\r\n    $this-&gt;widget(''zii.widgets.grid.CGridView'', array(\r\n        ''id'' =&gt; ''account-grid'',\r\n        ''dataProvider'' =&gt; $account-&gt;search(),\r\n        ''filter'' =&gt; $account,\r\n        ''selectableRows'' =&gt; 2,\r\n        ''columns'' =&gt; array(\r\n            array(\r\n                ''class'' =&gt; ''CCheckBoxColumn'',\r\n                ''id'' =&gt; ''id'',\r\n            ),\r\n            array(\r\n                ''header'' =&gt; ''No'',\r\n                ''value'' =&gt; ''$row+1'',\r\n            ),\r\n            ''name'',\r\n            ''password'',\r\n            ''homedir'',\r\n            ''level'',\r\n            array(\r\n                ''name'' =&gt; ''quota_type'',\r\n                ''value'' =&gt; ''$data-&gt;ftpquotalimits[0]-&gt;quota_type''\r\n            ),\r\n            array(\r\n                ''class'' =&gt; ''CButtonColumn'',\r\n            ),\r\n        ),\r\n    ));\r\n    echo CHtml::submitButton(''Delete'', array(''class'' =&gt; ''button''));\r\n    $this-&gt;endWidget();</pre><p>kemudian pada bagian controller buat sbuah metod bernama actionDeletAll() kemudian ikuti sintax berikut ini:</p><pre>public function actionDeleteAll() {\r\n        if (isset($_POST[''id''])) {\r\n            foreach ($_POST[''id''] as $a =&gt; $val) {\r\n                $this-&gt;loadAccountID($val)-&gt;delete();\r\n            }\r\n        }\r\n        $this-&gt;redirect(array(''index''));\r\n    }</pre><p>Sekian semoga membantu.</p>\r\n', '', 'P', 29, NULL, 1357212862, 1360865592, 0, 0, '', 1),
(70, 'Add number colom on CGridView Yii', '<p><p>masih dengan &nbsp;<em><strong>CGridView &nbsp;</strong></em>pada kasus kali ini bagai mana menambahkan number pada&nbsp;<em><strong>CGridView.&nbsp;</strong></em>&nbsp;jika suatu saat nanti agan-agan kepengen menambahkan number secara setatik bukan di ambil dari database yang biasanya pada componen CGridView yang di sediakan oleh yii kebingungann dalam memanipulasi&nbsp;CGridView. untuk lebih jelasnya seperti gambar berikut ini:</p><!--more--><p style="text-align: center;"><a href="http://melengo.wordpress.com/wp-admin/image"><img class="aligncenter" title="image" alt="" src="https://lh3.googleusercontent.com/-jM1Ql4axCR4/T0JCQ2dRMyI/AAAAAAAAAEg/zl3gb2VjWp0/s258/Screenshot_at_2012-02-18_13-12-22.png" width="258" height="165" data-mce-src="https://lh3.googleusercontent.com/-jM1Ql4axCR4/T0JCQ2dRMyI/AAAAAAAAAEg/zl3gb2VjWp0/s258/Screenshot_at_2012-02-18_13-12-22.png" style=""></a></p><pre> &lt;?php\r\n    $form = $this-&gt;beginWidget(''CActiveForm'', array(\r\n        ''id'' =&gt; ''ftpgroup-form'',\r\n        ''action'' =&gt; array(''ftpgroup/deleteall''),\r\n        ''enableAjaxValidation'' =&gt; true,\r\n            ));\r\n    $this-&gt;widget(''zii.widgets.grid.CGridView'', array(\r\n        ''id'' =&gt; ''ftpgroup-grid'',\r\n        ''dataProvider'' =&gt; $model-&gt;search(),\r\n        ''filter'' =&gt; $model,\r\n        ''columns'' =&gt; array(\r\n            array(\r\n                ''header'' =&gt; ''No'',\r\n                ''value'' =&gt; ''$row+1'',\r\n            ),\r\n            ''groupname'',\r\n            ''gid'',\r\n            ''members'',\r\n            array(\r\n                ''class'' =&gt; ''CButtonColumn'',\r\n            ),\r\n        ),\r\n    ));\r\n    echo CHtml::submitButton(''Delete'', array(''class'' =&gt; ''button''));\r\n//    echo CHtml::ajaxSubmitButton(''Delete'', ''ftpgroup/deleteall'', '''', array(''class'' =&gt; ''button''));\r\n    $this-&gt;endWidget();\r\n    ?&gt;</pre><p>Maksut dari koding di atas&nbsp;<strong>$row+1</strong>&nbsp;menambahkan jumlah row dari 0++ sampai dengan jumlah rekod yang ada dalam database t.able anda. sekian semoga membantu</p><br></p>', '', 'P', 23, NULL, 1357213373, 1361059570, 0, 0, '', 1);
INSERT INTO `post` (`id`, `title`, `content`, `tags`, `status`, `count`, `icon`, `create_time`, `update_time`, `like`, `unlike`, `slug`, `account_id`) VALUES
(71, 'Get all data relation HAS_MANY HAS_ONE in CGridView on YII ', '<p><p>dah berapa bulan ini udah nyobak yii framwork lumayan banyak permasalahan yang ane hadapi karna kebiasan mengunakan php prosedural ketimbang php yang berbasis frimwork yang rata-rata ferimwok berdiri di atas OOP (<strong><em>Objek Oriented Progreming</em></strong>) jadi butuh lumayan konsenterasi untuk memahami objek yang saling berhubunguan agar semua objek yang sudah di bangun bisa mejadi objek yang hidup. Oke untuk kali bagai mana mendapatkan table yang berelasi&nbsp;<strong>HAS_MANY HAS_ONE</strong>&nbsp;dalam instilah yang ada di yii jika diartikan satu ke banyak dan satu ke satu berikut lankah langkah nya. permisalan kasusnya seperti berikut ini:</p><!--more--><p>Rancangan tabel nya seperti gambar &nbsp;berikut ini :&nbsp;</p><p></p><dl><dt style="text-align: center;"><a href="http://melengo.wordpress.com/wp-admin/diagram"><img title="diagram" alt="diagram" src="https://lh6.googleusercontent.com/-Q6_8j696RsU/TzjtE-2mzuI/AAAAAAAAADA/3zTSBBWoutI/s512/S.png" width="512" height="290" data-mce-src="https://lh6.googleusercontent.com/-Q6_8j696RsU/TzjtE-2mzuI/AAAAAAAAADA/3zTSBBWoutI/s512/S.png" style=""></a></dt><dd>diagram</dd></dl><p></p><p>Dari gambar di atas berikut penjelasan gambar di atas.</p><ol><li>table account berelasi dengan table profile = satu ke satu / table account mempunya satu profile (<strong><em>HAS_ONE</em></strong>)</li><li>table account berelasi denagn table post = satu ke banyak / table account mempunyai banyak post (<em><strong>HAS_MANY</strong></em>)</li></ol><p>Dan berikut query mysql gambar diagram di atas jika ingin mencoba artikel kali ini:</p><pre>SET @OLD_UNIQUE_CHECKS=@@UNIQUE_CHECKS, UNIQUE_CHECKS=0;\r\nSET @OLD_FOREIGN_KEY_CHECKS=@@FOREIGN_KEY_CHECKS, FOREIGN_KEY_CHECKS=0;\r\nSET @OLD_SQL_MODE=@@SQL_MODE, SQL_MODE=''TRADITIONAL'';\r\n\r\nCREATE SCHEMA IF NOT EXISTS `mydb` DEFAULT CHARACTER SET latin1 COLLATE latin1_swedish_ci ;\r\n\r\nUSE `mydb`;\r\n\r\nCREATE  TABLE IF NOT EXISTS `mydb`.`account` (\r\n  `id` INT(11) NOT NULL AUTO_INCREMENT ,\r\n  `name` VARCHAR(25) NOT NULL ,\r\n  `password` VARCHAR(45) NOT NULL ,\r\n  `level` ENUM(''administrator'',''operator'') NOT NULL ,\r\n  PRIMARY KEY (`id`) )\r\nENGINE = InnoDB\r\nDEFAULT CHARACTER SET = latin1\r\nCOLLATE = latin1_swedish_ci;\r\n\r\nCREATE  TABLE IF NOT EXISTS `mydb`.`profile` (\r\n  `id` INT(11) NOT NULL AUTO_INCREMENT ,\r\n  `full_name` VARCHAR(45) NOT NULL ,\r\n  `address` VARCHAR(45) NOT NULL ,\r\n  `date` DATE NOT NULL ,\r\n  `gender` ENUM(''male'',''female'') NOT NULL ,\r\n  `account_id` INT(11) NOT NULL ,\r\n  PRIMARY KEY (`id`) ,\r\n  INDEX `fk_profile_account` (`account_id` ASC) ,\r\n  CONSTRAINT `fk_profile_account`\r\n    FOREIGN KEY (`account_id` )\r\n    REFERENCES `mydb`.`account` (`id` )\r\n    ON DELETE CASCADE\r\n    ON UPDATE CASCADE)\r\nENGINE = InnoDB\r\nDEFAULT CHARACTER SET = latin1\r\nCOLLATE = latin1_swedish_ci;\r\n\r\nCREATE  TABLE IF NOT EXISTS `mydb`.`post` (\r\n  `id` INT(11) NOT NULL AUTO_INCREMENT ,\r\n  `tittle` VARCHAR(45) NOT NULL ,\r\n  `content` VARCHAR(45) NOT NULL ,\r\n  `account_id` INT(11) NOT NULL ,\r\n  PRIMARY KEY (`id`) ,\r\n  INDEX `fk_table1_account1` (`account_id` ASC) ,\r\n  CONSTRAINT `fk_table1_account1`\r\n    FOREIGN KEY (`account_id` )\r\n    REFERENCES `mydb`.`account` (`id` )\r\n    ON DELETE CASCADE\r\n    ON UPDATE CASCADE)\r\nENGINE = InnoDB\r\nDEFAULT CHARACTER SET = latin1\r\nCOLLATE = latin1_swedish_ci;\r\n\r\nSET SQL_MODE=@OLD_SQL_MODE;\r\nSET FOREIGN_KEY_CHECKS=@OLD_FOREIGN_KEY_CHECKS;\r\nSET UNIQUE_CHECKS=@OLD_UNIQUE_CHECKS;</pre><p>Jika sudah di sql query sudah di imputkan waktunya membuat MVC alisa model view Controller yang jelas anda sudah tau cara impelementasi &nbsp;<em><strong>MVC&nbsp;</strong></em>pada yii frimwork. jadi karna ini pokusnya bagaimana menampilkan data yang berelasi pada&nbsp;<strong>CGridView.&nbsp;</strong></p><p>pada model account.phpinputkan code berikut ini di bagian&nbsp;<em><strong>public function relations()&nbsp;</strong>jika sudah ada ubah seperti berikut ini.</em></p><pre> public function relations() {\r\n        // NOTE: you may need to adjust the relation name and the related\r\n        // class name for the relations automatically generated below.\r\n        return array(\r\n            ''posts'' =&gt; array(self::HAS_MANY, ''Posts'', ''account_id''),\r\n            ''profiles'' =&gt; array(self::HAS_ONE, ''Profiles'', ''account_id''),\r\n        );\r\n    }</pre><p>kemudian pada bagian&nbsp;<em><strong>public function&nbsp;search()&nbsp;</strong></em>inputkan seperti berikut ini.</p><pre>   public function search() {\r\n        // Warning: Please modify the following code to remove attributes that\r\n        // should not be searched.\r\n\r\n        $criteria = new CDbCriteria;\r\n        $criteria-&gt;compare(''id'', $this-&gt;id, true);\r\n        $criteria-&gt;compare(''name'', $this-&gt;name, true);\r\n        $criteria-&gt;compare(''password'', $this-&gt;password, true);\r\n        $criteria-&gt;compare(''level'', $this-&gt;level, true);\r\n\r\n        $criteria-&gt;with = array(''profiles'',''posts'');\r\n        $criteria-&gt;compare(''profiles.full_name'', $this-&gt;full_name,true);\r\n        $criteria-&gt;compare(''profiles.address'', $this-&gt;address,true);\r\n        $criteria-&gt;compare(''posts.tittle'', $this-&gt;tittle,true);\r\n\r\n        return new CActiveDataProvider($this, array(\r\n                    ''criteria'' =&gt; $criteria,\r\n                    ''sort'' =&gt; array(\r\n                        ''attributes''=&gt;array(\r\n                            ''full_name''=&gt;array(\r\n                                 ''asc''=&gt;''profiles.full_name'',\r\n                                 ''desc''=&gt;''profiles.full_name DESC'',\r\n                            ),\r\n\r\n                            ''tittle''=&gt;array(\r\n                                 ''asc''=&gt;''posts.tittle'',\r\n                                 ''desc''=&gt;''posts.tittle DESC'',\r\n                            )\r\n                    ),\r\n                    ''pagination'' =&gt; array(\r\n                        ''pageSize'' =&gt; 10\r\n                    ),\r\n                ));\r\n    }</pre><p>Kemudian tambahkan peroperty pada model account.php seperti berikut ini saya yakin jika andah pernah mencoba membangun kelass sendiri di php anda tau nama nya peroperty:</p><pre>public $full_name;\r\npublic $address;\r\npublic $tittle;</pre><p>karna peroperti yang di inputkan di account model belum terdepinisi maka kita perlu untuk menambahkan seperti di atas. kemudian pada bagian AccountController.php berikut cara mengunakan method yang sudah di bangun&nbsp;tadi.</p><pre> public function actionIndex() {\r\n        $account = new Account(''search'');\r\n        $account-&gt;unsetAttributes();  // clear any default values\r\n        if (isset($_GET[''Account'']))\r\n            $account-&gt;attributes = $_GET[''Account''];\r\n        $this-&gt;render(''index'', array(\r\n            ''account'' =&gt; $account,\r\n\r\n        ));\r\n\r\n    }</pre><p>kemudian pada bagian view index.php berikut cara menampilkan data di&nbsp;<strong>CGridView.</strong></p><pre>&lt;?php\r\n$this-&gt;widget(''zii.widgets.grid.CGridView'', array(\r\n    ''id'' =&gt; ''account-grid'',\r\n    ''dataProvider'' =&gt; $account-&gt;search(),\r\n    ''filter'' =&gt; $account,\r\n    ''columns'' =&gt; array(\r\n        ''id'',\r\n        ''name'',\r\n        ''password'',\r\n        ''level'',\r\n         array(\r\n             ''name''=&gt;''full_name'',\r\n             ''value''=&gt;''$data-&gt;students-&gt;full_name''\r\n         ),\r\n        array(\r\n             ''name''=&gt;''address'',\r\n             ''value''=&gt;''$data-&gt;students-&gt;address''\r\n         ),\r\n\r\n        array(\r\n             ''name''=&gt;''tittle'',\r\n             ''value''=&gt;''$data-&gt;posts[0]-&gt;tittle''\r\n         ),\r\n\r\n        array(\r\n            ''class'' =&gt; ''CButtonColumn'',\r\n        ),\r\n    ),\r\n    ''htmlOptions'' =&gt; array(\r\n        ''style'' =&gt; ''width:800px;''\r\n    ),\r\n));\r\n?&gt;</pre><p>oke sekian semoga membantu jika ada pertanyaan silahkan tinggalkan komentar di bawah ini biar sama sama &nbsp;belajar. go Open Sorch.</p><br></p>', '', 'P', 83, NULL, 1357213656, 1361047264, 0, 0, '', 1),
(72, 'Remote PHP Projek Mengunakan eclipse indiego', '<p><p>Iseng-iseng Ketimbang ketimbang ngerjain yang kagak karuan. artikel kali ini berkitan tentang kasus ane sendiri nih gan. berikut pertanyaan yang timbul sewaktu ane lagi ngedit perojek web secara onlain:</p><!--more--><ul><li>Gimana cara ngedit websait secara onlain mengunakan Eclipse.</li><li>Ada apa g ya tools IDE untuk ngedit perojek web secara onlain.</li><li>Bisa g ya kalok pakek Eclipse ngedit perojek secara onlain tapi terasa lokal.</li><li>kalok emang bisa mengunakan&nbsp; Eclipse Auto completion suport apa kagak ya.</li></ul><p>Dari beberapa pertanyaan di atas akhirnya terjawap jugak berikut solusi nya oya jangan lupaa siepin kopi segelas ama rokok kalok anda emang perokok sejati biar entar kalok gagal g garuk-garuk kepala dan juga untuk lebih jelasnya tutorial ini di implementasikan mengunakan windows 7 untuk OS yang lain sepeti LINUX or yang lainya sama aja gan.</p><p>Pastikan Eclipse IDE sudah ke install jika belum silahkan ke&nbsp;<a href="http://vthink.web.id/index.php/content/post/75/Instalasi-Eclipse-pada-Ubuntu-11.10">TKP</a>&nbsp;untuk cara install di linux Ubuntu Kalok pakek windows silahkan anda cari sendiri untuk melatih kemandirian anda sendiri, gunakan&nbsp;<a href="http://www.google.com/">google</a>&nbsp;untuk pencarian jika anda kebingungan.</p><p>langkah pertama Buka eclipse kemudian Pilih menu&nbsp;<strong>Help=&gt;Install new sopware</strong>&nbsp;kemudian isikan link berikut ini juka belum ada pada&nbsp;<strong>Available Software Sites</strong></p><pre>indigo - http://download.eclipse.org/releases/indigo/201109230900</pre><p>Seperti gambar berikut ini :</p><p style="text-align: center;"><a href="http://melengo.files.wordpress.com/2012/01/12.jpg"><img class="aligncenter size-full wp-image-584" title="1" alt="" src="http://melengo.files.wordpress.com/2012/01/12.jpg" width="549" height="232" data-mce-src="http://melengo.files.wordpress.com/2012/01/12.jpg" style=""></a></p><p>Kemudian gunakan futur serch untuk memudahkan pencarian pelugin dan ketikan di&nbsp;<strong>type filter text</strong>&nbsp;Input kan kata remote system explorer dan centang pada bagian tersebut, seperti gambar berikut ini:</p><p style="text-align: center;"><a href="http://melengo.files.wordpress.com/2012/01/21.jpg"><img class="aligncenter size-full wp-image-585" title="2" alt="" src="http://melengo.files.wordpress.com/2012/01/21.jpg" width="549" height="187" data-mce-src="http://melengo.files.wordpress.com/2012/01/21.jpg" style=""></a></p><p>Kemudian Next</p><p style="text-align: center;"><a href="http://melengo.files.wordpress.com/2012/01/31.jpg"><img class="aligncenter size-full wp-image-586" title="3" alt="" src="http://melengo.files.wordpress.com/2012/01/31.jpg" width="549" height="170" data-mce-src="http://melengo.files.wordpress.com/2012/01/31.jpg" style=""></a></p><p>Next</p><p style="text-align: center;"><a href="http://melengo.files.wordpress.com/2012/01/42.jpg"><img class="aligncenter size-full wp-image-587" title="4" alt="" src="http://melengo.files.wordpress.com/2012/01/42.jpg" width="549" height="378" data-mce-src="http://melengo.files.wordpress.com/2012/01/42.jpg" style=""></a></p><p>Pilih I Aaccpet dan Finish. maka akan tampil sepei berikut ini jika kagak ada gangguan. kalok terjadi error kagak mau di install maka jalan kan aplikasi anda mengunak user administrator pada Windoss 7 anda jika anda mengunakan linux cukup mejalankan dengan user yang ada di linux anda sendiri.</p><p style="text-align: center;"><a href="http://melengo.files.wordpress.com/2012/01/51.jpg"><img class="aligncenter size-medium wp-image-588" title="5" alt="" src="http://melengo.files.wordpress.com/2012/01/51.jpg?w=300" width="300" height="109" data-mce-src="http://melengo.files.wordpress.com/2012/01/51.jpg?w=300" style=""></a></p><p>Sambil nungguDownload&nbsp; Plugin yang di butuhkan hisap dulu tuh rokok entar ke buru habis. kemudian restart eclips&nbsp; :</p><p style="text-align: center;"><a href="http://melengo.files.wordpress.com/2012/01/61.jpg"><img class="aligncenter size-medium wp-image-589" title="6" alt="" src="http://melengo.files.wordpress.com/2012/01/61.jpg?w=300" width="300" height="62" data-mce-src="http://melengo.files.wordpress.com/2012/01/61.jpg?w=300" style=""></a></p><p>Langkah instalisasi Plugin sudah selesai dan berikut cara mengunakan Pelugin tersebut :</p><p>Pada bagian Menu file filih<strong>&nbsp;File=&gt;New=&gt;Other</strong>&nbsp;seperti berikut ini gan:</p><p style="text-align: center;"><a href="http://melengo.files.wordpress.com/2012/01/7.jpg"><img class="aligncenter size-full wp-image-590" title="7" alt="" src="http://melengo.files.wordpress.com/2012/01/7.jpg" width="438" height="494" data-mce-src="http://melengo.files.wordpress.com/2012/01/7.jpg" style=""></a></p><p>Kemudian Pilih Remote&nbsp;<strong>system explorer=&gt;Conection</strong>&nbsp;seperti gambar di bawah ini:</p><p style="text-align: center;"><a href="http://melengo.files.wordpress.com/2012/01/8.jpg"><img class="aligncenter size-full wp-image-591" title="8" alt="" src="http://melengo.files.wordpress.com/2012/01/8.jpg" width="502" height="298" data-mce-src="http://melengo.files.wordpress.com/2012/01/8.jpg" style=""></a></p><p>Kemudian pilih System Type yang anda inginkan atau jalur mana yang anda gunakan untuk meremort projek anda. berikut gambar menu yang tersedia :</p><p style="text-align: center;"><a href="http://melengo.files.wordpress.com/2012/01/9.jpg"><img class="aligncenter size-full wp-image-592" title="9" alt="" src="http://melengo.files.wordpress.com/2012/01/9.jpg" width="503" height="374" data-mce-src="http://melengo.files.wordpress.com/2012/01/9.jpg" style=""></a></p><p>Jika anda bingung mau pakek yang mana silahkan baca tentang FTP,SSH,Telnet,UNix,Window,Linux untuk menambah wawasan anda. di siini saya memilih Linux. kemudian akan tampil window seperti berikut ini untuk menentukan host atau tujuan yang akan di remort. kalok ane jelasin sedikit tentang host = host tuh ibaratnya rumah cewek. masak mau pergi ngapel rumah pacar sendiri kagak tau alamatnya hahhahah lucu kan LOL.</p><p style="text-align: center;"><a href="http://melengo.files.wordpress.com/2012/01/10.jpg"><img class="aligncenter size-medium wp-image-593" title="10" alt="" src="http://melengo.files.wordpress.com/2012/01/10.jpg?w=300" width="300" height="128" data-mce-src="http://melengo.files.wordpress.com/2012/01/10.jpg?w=300" style=""></a></p><p>Kemudian Setelah mengisikan tujuan yang di inginkan maka&nbsp;<strong>NEXT</strong>&nbsp;akan tampil seperti berikut iini kemudian Filih FTP seperti berikut ini:</p><p style="text-align: center;"><a href="http://melengo.files.wordpress.com/2012/01/111.jpg"><img class="aligncenter size-full wp-image-594" title="11" alt="" src="http://melengo.files.wordpress.com/2012/01/111.jpg" width="523" height="309" data-mce-src="http://melengo.files.wordpress.com/2012/01/111.jpg" style=""></a></p><p>Kemudian Finise Okeh langkah selanjutnya pada menu WINDOW pilih&nbsp;<strong>show view=&gt;Other</strong>&nbsp;dan pilih&nbsp;<strong>Remote system</strong></p><p style="text-align: center;"><a href="http://melengo.files.wordpress.com/2012/01/121.jpg"><img class="aligncenter size-full wp-image-595" title="12" alt="" src="http://melengo.files.wordpress.com/2012/01/121.jpg" width="447" height="303" data-mce-src="http://melengo.files.wordpress.com/2012/01/121.jpg" style=""></a></p><p>Mka akan tampil seperti beriku ini pada bagian paling bawah eclips window</p><p style="text-align: center;"><a href="http://melengo.files.wordpress.com/2012/01/14.jpg"><img class="aligncenter size-full wp-image-596" title="14" alt="" src="http://melengo.files.wordpress.com/2012/01/14.jpg" width="547" height="224" data-mce-src="http://melengo.files.wordpress.com/2012/01/14.jpg" style=""></a></p><p>Pada Menu MY Home yang ada di Remote system kelik pada bagian tersebut kemudian inputkan usernama ama password host anda sendiri. sama seperti pas pergi ngapel harus ada izin dulu baru boleh masuk ama sang pemilik rumah LOL.</p><p style="text-align: center;"><a href="http://melengo.files.wordpress.com/2012/01/15.jpg"><img class="aligncenter size-full wp-image-597" title="15" alt="" src="http://melengo.files.wordpress.com/2012/01/15.jpg" width="257" height="211" data-mce-src="http://melengo.files.wordpress.com/2012/01/15.jpg" style=""></a></p><p>Kemudian OK maka akan tampil seperti berikut ini: Pada bagian remote system menu:</p><p style="text-align: center;"><a href="http://melengo.files.wordpress.com/2012/01/16.jpg"><img class="aligncenter size-full wp-image-598" title="16" alt="" src="http://melengo.files.wordpress.com/2012/01/16.jpg" width="543" height="344" data-mce-src="http://melengo.files.wordpress.com/2012/01/16.jpg" style=""></a></p><p>Kalok masih gagal sabar aja gan. tapi sabar bukan diem terus coba dan coba jangan menyerah HU HU HU kalok emang dia mengizinkan Semua pasti bisa. Sekian semoga bermampaat. untuk membuat remot perojek dari Host anda tinggal kelik kanan pada polder yang anda ingin remort kemudian pilih<strong>&nbsp;Create remort Projek</strong>. untuk lebih detailnya akan di bahas pada artikel selanjutnya:</p><p>Sumber :&nbsp;<a href="http://www.google.com/">http://www.google.com</a></p><br></p>', '', 'P', 16, NULL, 1357214226, 1360609112, 0, 0, '', 1),
(73, 'Ubuntu Lebih Baik dari Android Kata siapa?', '<p style="text-align: justify;">Cukup mengejutkan saat Canonical memperkenalkan Ubuntu untuk smartphone. Dengan berbagai fitur yang dibawanya, sistem operasi ini pun digadang-gadang mampu mengalahkan Android dan iOS.<br><!--more--><br>Canonical tengah fokus mengembangkan dua varian baru Ubuntu. Pertama, Ubuntu for Android yang bisa mengubah ponsel Android sebagai komputer berbasis Ubuntu saat dimasukkan ke dalam dock khusus. Kedua, Ubuntu yang merupakan sistem operasi tunggal untuk smartphone. Versi yang kedua ini mutlak tidak membutuhkan Android.<br><br>Sistem operasi di smartphone saat ini memang masih didominasi Android, diikuti oleh iOS, BlackBerry, dan Windows Phone yang perlahan merangkak naik. Semua menawarkan fitur yang diklaim tidak ada di pesaingnya. Lalu bagaimana dengan Ubuntu?<br><br>Mark Shuttleworth, pendiri Canonical mengklaim bahwa Ubuntu punya interface yang lebih bersahabat dari seluruh sistem operasi ponsel saat ini. Melalui sebuah video ia memamerkan bagaimana mudahnya pengguna mengakses aplikasi favorit, mencari file, bernavigasi, hingga sistem notifikasi yang sederhana namun informatif.</p><p style="text-align: justify;">&nbsp;<iframe width="678" height="400" src="http://www.youtube.com/embed/cpWHJDLsqTU" frameborder="0" allowfullscreen=""></iframe></p><p style="text-align: justify;">Sumber:&nbsp;<a href="http://inet.detik.com">http://inet.detik.com</a></p>\r\n', '', 'P', 27, NULL, 1357265862, 1360555774, 0, 0, '', 1),
(74, 'Komfigurasi FTP server, ProFTPD Version 1.3.2e di ubuntu server', '<p><p>FTP menggunakan protokol Transmission Control Protocol (TCP) untuk komunikasi data antara klien dan server, sehingga di antara kedua komponen tersebut akan dibuatlah sebuah sesi komunikasi sebelum transfer data dimulai. Sebelum membuat koneksi, port TCP nomor 21 di sisi server akan "mendengarkan" percobaan koneksi dari sebuah klien FTP dan kemudian akan digunakan sebagai port pengatur (control port) untuk :</p><!--more--><ul><li>Membuat sebuah koneksi antara klien dan server,</li><li>Untuk mengizinkan klien untuk mengirimkan sebuah perintah FTP kepada server dan juga</li><li>Mengembalikan respons server ke perintah tersebut. Sekali koneksi kontrol telah dibuat, maka server akan mulai membuka port TCP nomor 20 untuk membentuk sebuah koneksi baru dengan klien untuk mentransfer data aktual yang sedang dipertukarkan saat melakukan pengunduhan dan penggugahan.</li></ul><p>TP hanya menggunakan metode autentikasi standar, yakni menggunakan username dan password yang dikirim dalam bentuk tidak terenkripsi. Pengguna terdaftar dapat menggunakan username dan password-nya untuk mengakses, men-download, dan meng-upload berkas-berkas yang ia kehendaki. Umumnya, para pengguna terdaftar memiliki akses penuh terhadap beberapa direktori, sehingga mereka dapat membuat berkas, membuat direktori, dan bahkan menghapus berkas. Pengguna yang belum terdaftar dapat juga menggunakan metode anonymous login, yakni dengan menggunakan nama pengguna anonymous dan password yang diisi dengan menggunakan alamat e-mail.</p><p>Dari penjelasan di atas bisa dipahami kan sedikit tentang konsep cara kerja ftp server untuk lebih mendalam lagi anda bisa mencari sendiri.</p><p>Nah untuk selanjutnyah berikut cara komfigurasi ftp server mengunakan Virtual hosting ProFTPD Version 1.3.2 dan mysql.</p><p>langkah pertama install aplikasi yang dibutuhkan caranyah.</p><pre>aptitude install proftpd proftpd-mod-mysql proftpd-doc proftpd-mod-ldap proftpd-mod-odbc proftpd-mod-pgsql proftpd-mod-sqlite phpmyadmin</pre><p>Setelah itu membuat ftpgroup dan ftpuser</p><pre>groupadd -g 2001 ftpgroup\r\nuseradd -u 2001 -s /bin/false -d /bin/null -c "proftpd user" -g ftpgroup ftpuser</pre><p>Setelah membuat group dan user untuk proftpd sekarang tinggal membuat databases untuk proftpd si sini data bases yang saya gunakan mysql, untuk membuat databases mysql ikuti langkah di bawah ini.</p><ul><li>melengo@melengo-laptop:~$ mysql -u root -p</li><li>mysql -u root -p</li></ul><p></p><pre>CREATE DATABASE ftp;\r\nGRANT SELECT, INSERT, UPDATE, DELETE ON ftp.* TO ''proftpd''@''localhost'' IDENTIFIED BY ''password'';\r\nGRANT SELECT, INSERT, UPDATE, DELETE ON ftp.* TO ''proftpd''@''localhost.localdomain'' IDENTIFIED BY ''password'';\r\nFLUSH PRIVILEGES;</pre><p>kemudian buat table</p><pre>CREATE TABLE IF NOT EXISTS `ftpgroup` (\r\n  `groupname` varchar(16) NOT NULL DEFAULT '''',\r\n  `gid` smallint(6) NOT NULL DEFAULT ''5500'',\r\n  `members` varchar(16) NOT NULL DEFAULT '''',\r\n  KEY `groupname` (`groupname`)\r\n) ENGINE=MyISAM DEFAULT CHARSET=latin1 COMMENT=''ProFTP group table'';\r\n\r\n--\r\n-- Dumping data for table `ftpgroup`\r\n--\r\n\r\nINSERT INTO `ftpgroup` (`groupname`, `gid`, `members`) VALUES\r\n(''ftpgroup'', 2001, ''ftpuser'');\r\n\r\n-- --------------------------------------------------------\r\n\r\n--\r\n-- Table structure for table `ftpquotalimits`\r\n--\r\n\r\nCREATE TABLE IF NOT EXISTS `ftpquotalimits` (\r\n  `name` varchar(30) DEFAULT NULL,\r\n  `quota_type` enum(''user'',''group'',''class'',''all'') NOT NULL DEFAULT ''user'',\r\n  `per_session` enum(''false'',''true'') NOT NULL DEFAULT ''false'',\r\n  `limit_type` enum(''soft'',''hard'') NOT NULL DEFAULT ''soft'',\r\n  `bytes_in_avail` bigint(20) unsigned NOT NULL DEFAULT ''0'',\r\n  `bytes_out_avail` bigint(20) unsigned NOT NULL DEFAULT ''0'',\r\n  `bytes_xfer_avail` bigint(20) unsigned NOT NULL DEFAULT ''0'',\r\n  `files_in_avail` int(10) unsigned NOT NULL DEFAULT ''0'',\r\n  `files_out_avail` int(10) unsigned NOT NULL DEFAULT ''0'',\r\n  `files_xfer_avail` int(10) unsigned NOT NULL DEFAULT ''0''\r\n) ENGINE=MyISAM DEFAULT CHARSET=latin1;\r\n\r\n--\r\n-- Dumping data for table `ftpquotalimits`\r\n--\r\n\r\nINSERT INTO `ftpquotalimits` (`name`, `quota_type`, `per_session`, `limit_type`, `bytes_in_avail`, `bytes_out_avail`, `bytes_xfer_avail`, `files_in_avail`, `files_out_avail`, `files_xfer_avail`) VALUES\r\n(''exampleuser'', ''user'', ''true'', ''hard'', 15728640, 0, 0, 0, 0, 0);\r\n\r\n-- --------------------------------------------------------\r\n\r\n--\r\n-- Table structure for table `ftpquotatallies`\r\n--\r\n\r\nCREATE TABLE IF NOT EXISTS `ftpquotatallies` (\r\n  `name` varchar(30) NOT NULL DEFAULT '''',\r\n  `quota_type` enum(''user'',''group'',''class'',''all'') NOT NULL DEFAULT ''user'',\r\n  `bytes_in_used` bigint(20) unsigned NOT NULL DEFAULT ''0'',\r\n  `bytes_out_used` bigint(20) unsigned NOT NULL DEFAULT ''0'',\r\n  `bytes_xfer_used` bigint(20) unsigned NOT NULL DEFAULT ''0'',\r\n  `files_in_used` int(10) unsigned NOT NULL DEFAULT ''0'',\r\n  `files_out_used` int(10) unsigned NOT NULL DEFAULT ''0'',\r\n  `files_xfer_used` int(10) unsigned NOT NULL DEFAULT ''0''\r\n) ENGINE=MyISAM DEFAULT CHARSET=latin1;\r\n\r\n-- --------------------------------------------------------\r\n\r\n--\r\n-- Table structure for table `ftpuser`\r\n--\r\n\r\nCREATE TABLE IF NOT EXISTS `ftpuser` (\r\n  `id` int(10) unsigned NOT NULL AUTO_INCREMENT,\r\n  `userid` varchar(32) NOT NULL DEFAULT '''',\r\n  `passwd` varchar(32) NOT NULL DEFAULT '''',\r\n  `uid` smallint(6) NOT NULL DEFAULT ''5500'',\r\n  `gid` smallint(6) NOT NULL DEFAULT ''5500'',\r\n  `homedir` varchar(255) NOT NULL DEFAULT '''',\r\n  `shell` varchar(16) NOT NULL DEFAULT ''/sbin/nologin'',\r\n  `count` int(11) NOT NULL DEFAULT ''0'',\r\n  `accessed` datetime NOT NULL DEFAULT ''0000-00-00 00:00:00'',\r\n  `modified` datetime NOT NULL DEFAULT ''0000-00-00 00:00:00'',\r\n  PRIMARY KEY (`id`),\r\n  UNIQUE KEY `userid` (`userid`)\r\n) ENGINE=MyISAM  DEFAULT CHARSET=latin1 COMMENT=''ProFTP user table'' AUTO_INCREMENT=3 ;\r\n\r\n--\r\n-- Dumping data for table `ftpuser`\r\n--\r\n\r\nINSERT INTO `ftpuser` (`id`, `userid`, `passwd`, `uid`, `gid`, `homedir`, `shell`, `count`, `accessed`, `modified`) VALUES\r\n(1, ''ozan'', ''admin'', 2001, 2001, ''/home/public_html/ozan'', ''/sbin/nologin'', 8, ''2011-09-20 00:20:40'', ''2011-09-20 00:19:04''),\r\n(2, ''romy'', ''admin'', 2001, 2001, ''/home/public_html/romy'', ''/sbin/nologin'', 2, ''2011-09-20 00:30:46'', ''0000-00-00 00:00:00'');</pre><p>langkah selanjutnyah mengkomfigurasi file proftpd.conf file nyah berada di /etc/proftpd/proftpd.conf caranyah buka terminal kemudian gunakan editor kesayangan anda kebetulan di sini saya mengunakan nanao jadi cukup mengetikan.</p><ul><li>nano /etc/proftpd/proftpd.conf</li></ul><p>Ikuti komfigurasi file di bawah ini tapi jangan lupa untuk mem becup file aslinyah jika nanti terjadi eror caranyah.</p><ul><li>cp /etc/proftpd/proftpd.conf proftpd.conf.asli</li></ul><p></p><p>Kemudian ikuti komfigurasi di bawah ini.</p><pre>DefaultRoot                     ~\r\nRootLogin                       off\r\nRequireValidShell               off\r\nUseIPv6                         on\r\nIdentLookups                    off\r\nServerName                      "mediahostindo.web.id"\r\nServerType                      "standalone"\r\nDeferWelcome                    off\r\n\r\nMultilineRFC2228                on\r\nDefaultServer                   on\r\nShowSymlinks                    on\r\n\r\nTimeoutNoTransfer               600\r\nTimeoutStalled                  600\r\nTimeoutIdle                     1200\r\n\r\nDisplayLogin                    welcome.msg\r\nDisplayChdir                    .message true\r\nListOptions                     "-l"\r\n\r\nDenyFilter                      \\*.*/\r\nPort                            21\r\nMaxInstances                    100\r\n\r\nUser                            proftpd\r\nGroup                           nogroup\r\n\r\nUmask                           022  022\r\nAllowOverwrite                  on\r\n\r\nTransferLog                     /var/log/proftpd/xferlog\r\nSystemLog                       /var/log/proftpd/proftpd.log\r\n\r\nInclude                         /etc/proftpd/modules.conf\r\nInclude                         /etc/proftpd/sql.conf\r\n#Include                        /etc/proftpd/tls.conf\r\n\r\n#Ratios off\r\n\r\nDelayEngine on\r\n\r\nControlsEngine                  off\r\nControlsMaxClients              2\r\nControlsLog                     /var/log/proftpd/controls.log\r\nControlsInterval                5\r\nControlsSocket                  /var/run/proftpd/proftpd.sock\r\n\r\nAdminControlsEngine             off</pre><p>Kemudian Simpan hasil dari komfigurasi tadi jika anda mengunaka nano cukup menekan CTRL + O maka file komfigurasi berhasil di simpan langkah selanjutnyah buka file modules.conf seperti yang tadi file nyah satu polder ama proftpd.conf kemudian ikuti komfigurasi di bawah nih.</p><pre>ModulePath /usr/lib/proftpd\r\nModuleControlsACLs insmod,rmmod allow user root\r\nModuleControlsACLs lsmod allow user *\r\n\r\nLoadModule mod_ctrls_admin.c\r\nLoadModule mod_tls.c\r\nLoadModule mod_sql.c\r\nLoadModule mod_sql_mysql.c\r\nLoadModule mod_quotatab.c\r\nLoadModule mod_quotatab_file.c\r\nLoadModule mod_quotatab_sql.c\r\nLoadModule mod_wrap.c\r\nLoadModule mod_rewrite.c\r\nLoadModule mod_load.c\r\nLoadModule mod_ban.c\r\nLoadModule mod_wrap2.c\r\nLoadModule mod_wrap2_file.c\r\nLoadModule mod_wrap2_sql.c\r\nLoadModule mod_dynmasq.c\r\nLoadModule mod_vroot.c\r\nLoadModule mod_ifsession.c</pre><p>Kemudian tinggal Satu file lagi nih namanyah sql.conf sama seperti yang tadi kemudian ikuti komfigurasi di bawah ini.</p><pre>SQLBackend              mysql\r\n#SQLEngine              on\r\n#SQLAuthenticate        on\r\nSQLAuthTypes            Crypt Plaintext\r\nSQLAuthTypes            Backend Crypt\r\nSQLConnectInfo          ftp@localhost proftpd admin\r\nSQLAuthTypes            Plaintext Crypt\r\nSQLAuthenticate         users groups\r\n\r\nSQLUserInfo             ftpuser userid passwd uid gid homedir shell\r\n\r\nSQLGroupInfo            ftpgroup groupname gid members\r\n\r\nSQLMinID                500\r\n\r\nCreateHome              on\r\n\r\nSQLLog                  PASS updatecount\r\n\r\nSQLNamedQuery           updatecount UPDATE "count=count+1, accessed=now() WHERE userid=''%u''" ftpuser\r\n\r\nSQLLog                  STOR,DELE modified\r\n\r\nSQLNamedQuery           modified UPDATE "modified=now() WHERE userid=''%u''" ftpuser\r\n\r\nQuotaEngine             on\r\nQuotaDirectoryTally     on\r\nQuotaDisplayUnits       Mb\r\nQuotaShowQuotas         on\r\nSQLNamedQuery           get-quota-limit SELECT "name, quota_type, per_session, limit_type, bytes_in_avail, \\\r\n                        bytes_out_avail, bytes_xfer_avail, files_in_avail, files_out_avail, files_xfer_avail FROM ftpquotalimits \\\r\n                        WHERE name = ''%{0}'' AND quota_type = ''%{1}''"\r\n\r\nSQLNamedQuery           get-quota-tally SELECT "name, quota_type, bytes_in_used, bytes_out_used, \\\r\n                        bytes_xfer_used, files_in_used, files_out_used, files_xfer_used FROM ftpquotatallies \\\r\n                        WHERE name = ''%{0}'' AND quota_type = ''%{1}''"\r\n\r\nSQLNamedQuery           update-quota-tally UPDATE "bytes_in_used = bytes_in_used + %{0}, \\\r\n                        bytes_out_used = bytes_out_used + %{1}, bytes_xfer_used = bytes_xfer_used + %{2}, \\\r\n                        files_in_used = files_in_used + %{3}, files_out_used = files_out_used + %{4}, \\\r\n                        files_xfer_used = files_xfer_used + %{5} \\\r\n                        WHERE name = ''%{6}'' AND quota_type = ''%{7}''" ftpquotatallies\r\n\r\nSQLNamedQuery           insert-quota-tally INSERT "%{0}, %{1}, %{2}, %{3}, %{4}, %{5}, %{6}, %{7}" ftpquotatallies\r\n\r\nSQLNamedQuery           insert-quota-tally FREEFORM \\\r\n                        "INSERT INTO ftpquotatallies VALUES (''%{0}'',''%{1}'',''%{2}'',''%{3}'',''%{4}'',''%{5}'',''%{6}'',''%{7}'')"\r\n\r\nQuotaLock               /var/run/ftpd/tally.lock\r\nQuotaLimitTable         sql:/get-quota-limit\r\nQuotaTallyTable         sql:/get-quota-tally/update-quota-tally/insert-quota-tally</pre><p>langkah selanjutnyah tinggal restart proftpd</p><ul><li>service proftpd restart</li></ul><p>Maka akan tamfile seperti di bawah ini jika cara komfigurasinyah udah bener.</p><pre>root@melengo-laptop:~# service proftpd restart\r\n* Stopping ftp server proftpd [ OK ]\r\n* Starting ftp server proftpd [ OK ]\r\nroot@melengo-laptop:~#</pre><p>Kemudia sekarang tingagal Inser user untuk mysql supaya ftp nyah bisa di akses. caranyah masuk ke mysql seperti yang tadi pertama mysql -u root -p kemudian masukan password untuk mysql dan ikuti langkah di bawah ini.</p><ul><li>mysql -u root -p</li></ul><pre>USE ftp;\r\n\r\nINSERT INTO `ftpgroup` (`groupname`, `gid`, `members`) VALUES (''ftpgroup'', 2001, ''ftpuser'');\r\n\r\nINSERT INTO `ftpquotalimits` (`name`, `quota_type`, `per_session`, `limit_type`, `bytes_in_avail`, `bytes_out_avail`, `bytes_xfer_avail`, `files_in_avail`, `files_out_avail`, `files_xfer_avail`) VALUES (''exampleuser'', ''user'', ''true'', ''hard'', 15728640, 0, 0, 0, 0, 0);\r\n\r\nINSERT INTO `ftpuser` (`id`, `userid`, `passwd`, `uid`, `gid`, `homedir`, `shell`, `count`, `accessed`, `modified`) VALUES (1, ''melengo'', ''admin'', 2001, 2001, ''/home/melengo'', ''/sbin/nologin'', 0, '''', '''');\r\n\r\nquit;</pre><p>Untk percobaan apakah komfigurasi udah bener / belom gunakan filezila / celien ftp server yang lainnyah untuk mencoba. ato cara sederhanayah untuk mencoba hasil komfigurasi di atas Cukup meketikan.</p><ul><li>root@melengo-laptop:~# ftp localhost</li></ul><p>Kemudian masukan user ama password yang udah di buat tadi Lihat di databasesnya untuk user ama password nyah. kebetulan di data bases yang di inpukan di atas nama user = melengo dan pass=admin.</p><p>sekian semoga berhasil untuk lebih jelas nyah anda bisa mencari di bang google.</p><p>Sumber :</p><p><a href="http://www.proftpd.org/docs/contrib/mod_quotatab_sql.html">http://www.proftpd.org/docs/contrib/mod_quotatab_sql.html</a></p><p><a href="http://www.proftpd.org/docs/contrib/mod_quotatab.html#QuotaLimitTable">http://www.proftpd.org/docs/contrib/mod_quotatab.html#QuotaLimitTable</a></p><p><a href="http://www.proftpd.org/docs/howto/SQL.html">http://www.proftpd.org/docs/howto/SQL.html</a></p><p><a href="http://www.howtoforge.com/virtual-hosting-with-proftpd-and-mysql-ubuntu-9.10">http://www.howtoforge.com/virtual-hosting-with-proftpd-and-mysql-ubuntu-9.10</a></p><br></p>', '', 'P', 17, NULL, 1357526784, 1360593329, 0, 0, '', 1),
(75, 'Why I Created C++', 'Ketika seorang pakar berbicara&nbsp;watch this video?<p><!--more--><br></p><p><iframe width="677" height="410" src="http://www.youtube.com/embed/JBjjnqG0BP8" frameborder="0" allowfullscreen=""></iframe></p>\r\n<p>Sumber:<a href="http://www.youtube.com">http://www.youtube.com</a><br></p><p><br></p><p style="text-align: center;"><br></p><p></p>\r\n<p></p>\r\n', '', 'P', 40, NULL, 1357648052, 1360606416, 0, 0, '', 1),
(76, 'Unified Modeling Language (UML)', '<p style="text-align: justify;"></p><p style="text-align: justify;"></p><p>Unified Modeling Language (UML) Merupakan himpunan struktur dan teknik untuk pemodelan desain program berorientasi objek (OOP) (wikipedia). Biasanya kebanyakan Perogremer yang baru belajar bahasa pemerograman tidak mau tau dengan Metodelogi seperti ini karna baru melihat sudah kebingungan. Sebenernya letak kemudahan bahasa merograman berbasis OOP Di sinilah kawan, kata seorang perogreme yang ahli dalam bahasa pemerograman berorientasi objek. Oke sebelum memulai beberapa tahap yang perlu di pahami ada beberapa pertanyaah yang harus timbul sebelum memulai seperti biiasa dari TK Sampai menempuh perguruan tinggi tidak lepas dari 5 pertanyaan yaitu 5W 1H :</p><!--more--><p>Siapa yang akan mengunakan UML, Yang jelas bagi siapa yang membutuhkan, jika anda butuh silahkan anda keliling dunia mencari impormasi dengan pesawat terbang yang sudah tersedia di internet Alias www.google.com. Keterkaitan uml dengan metode yang lain juga ada kawan contohnya Disain Pettren dalam pembangunan system mengunakan dsigen pettrent, itu tidak lepas dengan UML jadi jika anda ingin membangun System yang pleksibel dan dinamis maka gunakan metode ini.</p><p>Kenapa harus mengunakan UML, Seperti yang di bilang linus torvalds Menulis di atas kertas tampa ada rancangan bagaikan menulis kata-kata yang tidak ada arti. jadi kita bisa ambil dari makna kata-kata tersebut mulailah merancang sistem yang akan di bangun sebelum mulai menuliskannya.</p><p>Berikut tahap - tahap dalam UML di antaranya :</p><ul><ul><li>Use Case Diagram</li><li>Activity Diagram</li><li>Sequence Diagram</li><li>Package Diagram</li><li>Class Diagram</li><li>Component Diagram</li><li>Deployment Diagram</li></ul></ul><p><strong>Use Case Diagram</strong></p><p>Use Case Diagram digunakan untuk menggambarkan konteks sistem yang akan dibangun dan fungsionalitas yang disediakan oleh sistem itu. Use Case Diagram juga menggambarkan siapa (atau apa) berinteraksi dengan sistem (Booch, Maksimchuk, Engle, Young, Conallen, &amp; Houston, 2007).</p><p><strong>Activity Diagram</strong></p><p>Activity Diagram memberikan penggambaran visual dari aliran aktivitas, baik dalam sistem, bisnis, alur kerja, atau proses lainnya. Activity Diagram berfokus pada kegiatan yang dilakukan dan siapa atau apa yang bertanggung jawab atas kinerja kegiatan tersebut (Booch, Maksimchuk, Engle, Young, Conallen, &amp; Houston, 2007).</p><p>Elemen - elemen yang digunakan sebagai notasi dalam Activity Diagram antara lain: action nodes, control nodes, dan object nodes. Control nodes dalam Activity Diagram terbagi menjadi 3 (tiga) jenis yaitu initial dan final, decision dan merge dan fork dan join. Masing-masing elemen menjelaskan workflow dari sebuah Use Case pada Use Case Diagram atau dengan kata lain Activity Diagram menjelaskan secara lebih mendetail atau sub bagian tentang alur kerja sebuah Use Case pada.</p><p><strong>Sequence Diagram</strong></p><p>Sequence Diagram merupakan Intraction Diagram yang digunakan untuk menjelaskan eksekusi sebuah skenario semantik. Sequence Diagram juga digunakan untuk menjelelaskan interaksi antar objek dalam urutan waktu (Booch, Maksimchuk, Engle, Young, Conallen, &amp; Houston, 2007).</p><p>Sequence Diagram bisa digunakan untuk menjelaskan sebuah serangkaian langkah-langkah yang mengirimkan message antar satu lifeline ke lifeline yang lain. Setiap message yang dikirimkan bisa memberikan respon (return) relatif pada skenario yang dirancang di Use Case Diagram. Interaksi yang terjadi bisa bersifat instansiasi sebuah object maupun static method dari sebuah class.</p><p><strong>Package Diagram</strong></p><p>Package Diagram digunakan untuk menjelaskan hubungan modularitas, enkapsulasi, dan abstraksi pada pengembangan sistem yang kompleks. Package Diagram juga digunakan untuk menjelaskan hubungan dependency dan visibility antar class yang memiliki asosiai secara modular dengan class lain dalam sistem (Booch, Maksimchuk, Engle, Young, Conallen, &amp; Houston, 2007).</p><p>Package Diagram memungkinkan perancangan sistem bisa di mengerti dengan tingkat pemahaman yang lebih tinggi pada kolaborasi antar elemen model. Dengan menggunakan Package Diagram perancangan Class Diagram bisa di modularisasi secara lebih terstruktur. Package Diagram sangat dibutuhkan ketika Class Diagram yang dibangun sudah semakin kompleks, sehingga penggambaran Class Diagram bisa dibangun secara terpisah dengan menggunakan Package Diagram untuk mewakili hubungan yang antar class pada package yang berbeda.</p><p><strong>Class Diagram</strong></p><p>Class Diagram digunakan untuk menunjukan hubungan dan eksistensi sebuah class dari sudut pandang logis dalam sistem. Sebuah Class Diagram merepresentasikan struktur class yang membentuk arsitektur dan perilaku sistem dalam proses desain dan analisis (Booch, Maksimchuk, Engle, Young, Conallen, &amp; Houston, 2007).</p><p>Class Diagram memberikan gambaran secara menyeluruh tentang object dan class serta relasinya pada arsitektur sistem yang dibangun. Class Diagram menyediakan fasilitas berbagi model sehingga model yang telah dibangun bisa digunakan kembali (reusable) untuk pemodelan yang lebih rinci pada perilaku dinamis. Notasi pada Class Diagram bisa digunakan untuk menjelaskan Object Oriented Programming sehingga relasi seperti inheritance, polymorphism, dan semua konsep Object Oriented Programming bisa di jelaskan menggunakan notasi Class Diagram.</p><p><strong>Component Diagram</strong></p><p>Component Diagram merepresentasikan hubungan sistem dengan komponen-komponen yang memiliki fungsionalitas agregat dengan penggunaan berulang kali (reusable). Pada tingkatan yang lebih rendah, komponen dapat dijelaskan sebagai sekelompok kelas yang kohesif namun, bersifat relatif longgar ketika terhubung dengan cluster lain (Booch, Maksimchuk, Engle, Young, Conallen, &amp; Houston, 2007).</p><p>Component Diagram bisa di gunakan ketika sebuah sistem menggunakan komponen yang berada di luar sistem nya. Sebagai contoh ketika aplikasi dibangun membutuhkan database MySQL maka diperlukan komponen MySQL Java Database Conectivity (JDBC) untuk melakukan proses query ke dalam database. Sehingga Component Diagram bisa digunakan untuk menggambarkan komponen-komponen yang dibutuhkan sistem untuk bisa berjalan.</p><p><strong>Deployment Diagram</strong></p><p>Deployment Diagram digunakan untuk menunjukan alokasi artefak pada node dalam desain fisik sebuah sistem. Sebuah Deployment Diagram mewakili sebuah gambaran ke dalam struktur artefak suatu sistem (Booch, Maksimchuk, Engle, Young, Conallen, &amp; Houston, 2007).</p><p>Deployment Diagram lebih berfokus pada aspek fisik dari object-oriented system. Dengan menggunakan Deployment Diagram, gambaran mengenai distribusi komponen dan relasinya dengan sistem maupun platform tempat sistem berjalan bisa digambarkan dengan lebih jelas. Sehingga dengan menggunakan Deployment Diagram, gambaran akan interaksi antara software dan hardware pada sistem akan terlihat lebih jelas.</p><p>Untuk implementasi dalam bentuk diagram akan di bahas pada artikel selanjutnya.&nbsp;Sekian semoga membantu jika ada kesalahan mohon keritik dan saran:</p><p style="text-align: justify;">\r\n</p>\r\n', '', 'P', 20, NULL, 1357818310, 1361059583, 0, 0, '', 1);

-- --------------------------------------------------------

--
-- Table structure for table `profile`
--

CREATE TABLE IF NOT EXISTS `profile` (
  `account_id` int(11) NOT NULL,
  `first_name` varchar(45) DEFAULT NULL,
  `last_name` varchar(45) DEFAULT NULL,
  `gender` enum('M','F') DEFAULT NULL,
  `address` varchar(255) DEFAULT NULL,
  `about` varchar(255) DEFAULT NULL,
  `birthday` date DEFAULT NULL,
  `image` text,
  PRIMARY KEY (`account_id`)
) ENGINE=InnoDB DEFAULT CHARSET=latin1;

-- --------------------------------------------------------

--
-- Table structure for table `tag`
--

CREATE TABLE IF NOT EXISTS `tag` (
  `id` int(11) NOT NULL AUTO_INCREMENT,
  `name` varchar(128) COLLATE utf8_unicode_ci NOT NULL,
  `frequency` int(11) DEFAULT '1',
  PRIMARY KEY (`id`)
) ENGINE=InnoDB  DEFAULT CHARSET=utf8 COLLATE=utf8_unicode_ci AUTO_INCREMENT=14 ;

--
-- Dumping data for table `tag`
--

INSERT INTO `tag` (`id`, `name`, `frequency`) VALUES
(1, 'Linux', 7),
(3, 'php', 23),
(4, 'sdf', 1),
(5, 'Ibu guru', 3),
(6, 'Yii', 6),
(7, 'guru', 3),
(8, 'ORM', 23),
(9, 'FTP', 38),
(10, 'web', 3),
(11, 'Radio', 2),
(12, 'cerita', 1),
(13, 'Netbeans', 1);

-- --------------------------------------------------------

--
-- Table structure for table `widget`
--

CREATE TABLE IF NOT EXISTS `widget` (
  `id` int(11) NOT NULL AUTO_INCREMENT,
  `name` varchar(45) NOT NULL,
  `position` int(11) DEFAULT NULL,
  `layouts_position` enum('H','P','S','PM','CM') DEFAULT NULL,
  `status` enum('P','D') NOT NULL,
  PRIMARY KEY (`id`)
) ENGINE=InnoDB DEFAULT CHARSET=latin1 AUTO_INCREMENT=1 ;

--
-- Constraints for dumped tables
--

--
-- Constraints for table `comment`
--
ALTER TABLE `comment`
  ADD CONSTRAINT `fk_comment_post` FOREIGN KEY (`post_id`) REFERENCES `post` (`id`) ON DELETE CASCADE ON UPDATE CASCADE;

--
-- Constraints for table `ftpaccount`
--
ALTER TABLE `ftpaccount`
  ADD CONSTRAINT `fk_ftpaccount_account1` FOREIGN KEY (`account_id`) REFERENCES `account` (`id`) ON DELETE CASCADE ON UPDATE CASCADE;

--
-- Constraints for table `navigasi_has_post`
--
ALTER TABLE `navigasi_has_post`
  ADD CONSTRAINT `fk_navigasi_has_post_navigasi1` FOREIGN KEY (`navigasi_id`) REFERENCES `navigasi` (`id`) ON DELETE CASCADE ON UPDATE CASCADE,
  ADD CONSTRAINT `fk_navigasi_has_post_post1` FOREIGN KEY (`post_id`) REFERENCES `post` (`id`) ON DELETE CASCADE ON UPDATE CASCADE;

--
-- Constraints for table `post`
--
ALTER TABLE `post`
  ADD CONSTRAINT `fk_post_account1` FOREIGN KEY (`account_id`) REFERENCES `account` (`id`) ON DELETE CASCADE ON UPDATE CASCADE;

--
-- Constraints for table `profile`
--
ALTER TABLE `profile`
  ADD CONSTRAINT `fk_profile_account1` FOREIGN KEY (`account_id`) REFERENCES `account` (`id`) ON DELETE CASCADE ON UPDATE CASCADE;

/*!40101 SET CHARACTER_SET_CLIENT=@OLD_CHARACTER_SET_CLIENT */;
/*!40101 SET CHARACTER_SET_RESULTS=@OLD_CHARACTER_SET_RESULTS */;
/*!40101 SET COLLATION_CONNECTION=@OLD_COLLATION_CONNECTION */;
